step,action,action_label,reward,cumulative_reward,x,y,vx,vy,angle,angular_velocity,left_contact,right_contact,terminated,truncated
0,3,Orientation droite,0.8485284640262603,0.8485284640262603,-0.012996482662856579,1.4309654235839844,-0.6509219408035278,0.4327239394187927,0.012857825495302677,0.10545337200164795,0.0,0.0,False,False
1,3,Orientation droite,1.039479540138957,1.8880080041652172,-0.019372273236513138,1.4400947093963623,-0.6408576369285583,0.4057155251502991,0.016107184812426567,0.06499294191598892,0.0,0.0,False,False
2,3,Orientation droite,0.936481603050255,2.8244896072154724,-0.025688838213682175,1.4486345052719116,-0.6334384679794312,0.3795161545276642,0.01786431483924389,0.035145752131938934,0.0,0.0,False,False
3,3,Orientation droite,1.559880466748781,4.384370073964253,-0.03191356733441353,1.4565730094909668,-0.6219114065170288,0.35282614827156067,0.01730928011238575,-0.01110144890844822,0.0,0.0,False,False
4,3,Orientation droite,1.5038957402104824,5.888265814174735,-0.038068391382694244,1.4639122486114502,-0.6131353378295898,0.3262137174606323,0.014995826408267021,-0.04627354070544243,0.0,0.0,False,False
5,3,Orientation droite,2.0167007547645155,7.904966568939251,-0.044127464294433594,1.4706616401672363,-0.6011408567428589,0.3000200390815735,0.010276883840560913,-0.09438775479793549,0.0,0.0,False,False
6,3,Orientation droite,2.0511482210924057,9.956114790031657,-0.050107765942811966,1.4768123626708984,-0.5912467241287231,0.27339839935302734,0.0035786547232419252,-0.13397690653800964,0.0,0.0,False,False
7,3,Orientation droite,1.3879141202625374,11.344028910294195,-0.05599021911621094,1.482369065284729,-0.5789943337440491,0.24695907533168793,-0.005570995155721903,-0.1830100417137146,0.0,0.0,False,False
8,3,Orientation droite,0.22289983345612654,11.566928743750323,-0.06179685518145561,1.4873325824737549,-0.5694923400878906,0.2205226570367813,-0.016617199406027794,-0.2209443598985672,0.0,0.0,False,False
9,3,Orientation droite,-0.007229130271382472,11.55969961347894,-0.06753234565258026,1.4916911125183105,-0.5605765581130981,0.19352179765701294,-0.029443688690662384,-0.256553590297699,0.0,0.0,False,False
10,3,Orientation droite,-0.21172733942523678,11.347972274053705,-0.07319440692663193,1.4954603910446167,-0.5513890981674194,0.16716644167900085,-0.044097382575273514,-0.2931008040904999,0.0,0.0,False,False
11,3,Orientation droite,-0.41779556895983094,10.930176705093874,-0.0787842720746994,1.4986246824264526,-0.5423542261123657,0.1400640308856964,-0.060555893927812576,-0.3292006254196167,0.0,0.0,False,False
12,3,Orientation droite,-0.6429978869153092,10.287178818178566,-0.08430280536413193,1.5011757612228394,-0.5334419012069702,0.11253633350133896,-0.07880409061908722,-0.3649975061416626,0.0,0.0,False,False
13,3,Orientation droite,-0.642349181678951,9.644829636499615,-0.08972568809986115,1.5031205415725708,-0.5214970707893372,0.08520129323005676,-0.09944435954093933,-0.4128432273864746,0.0,0.0,False,False
14,0,Ne rien faire,-1.861661207339381,7.783168429160234,-0.09514770656824112,1.5044708251953125,-0.5214405655860901,0.058497942984104156,-0.12008024752140045,-0.4127553403377533,0.0,0.0,False,False
15,0,Ne rien faire,-1.9381487013006051,5.845019727859629,-0.10056857764720917,1.5052266120910645,-0.5213859677314758,0.03179344907402992,-0.14071285724639893,-0.41269010305404663,0.0,0.0,False,False
16,0,Ne rien faire,-2.0163771777280886,3.8286425501315406,-0.10598840564489365,1.5053879022598267,-0.5213326215744019,0.005087790545076132,-0.16134175658226013,-0.41261568665504456,0.0,0.0,False,False
17,0,Ne rien faire,-2.095481447949055,1.7331611021824855,-0.11140689998865128,1.5049546957015991,-0.5212807655334473,-0.021619010716676712,-0.18196691572666168,-0.4125409722328186,0.0,0.0,False,False
18,0,Ne rien faire,-2.1743294140007663,-0.44116831181828076,-0.11682405322790146,1.5039267539978027,-0.5212304592132568,-0.04832690581679344,-0.20258834958076477,-0.41246646642684937,0.0,0.0,False,False
19,0,Ne rien faire,-2.2519194934133395,-2.6930878052316203,-0.12223978340625763,1.5023043155670166,-0.5211817026138306,-0.07503587752580643,-0.22320610284805298,-0.4123922288417816,0.0,0.0,False,False
20,0,Ne rien faire,-2.3272178448714556,-5.020305650103076,-0.12765416502952576,1.5000871419906616,-0.5211345553398132,-0.10174591839313507,-0.24382014572620392,-0.41231822967529297,0.0,0.0,False,False
21,0,Ne rien faire,-2.3992777539331485,-7.419583404036224,-0.13306693732738495,1.4972749948501587,-0.5210890769958496,-0.1284569799900055,-0.26443052291870117,-0.4122444689273834,0.0,0.0,False,False
22,0,Ne rien faire,-2.4673677562276453,-9.88695116026387,-0.13847818970680237,1.4938682317733765,-0.5210453271865845,-0.15516899526119232,-0.28503718972206116,-0.41217106580734253,0.0,0.0,False,False
23,0,Ne rien faire,-2.5307609218312734,-12.417712082095143,-0.14388760924339294,1.4898664951324463,-0.5210033655166626,-0.18188199400901794,-0.30564025044441223,-0.4120979309082031,0.0,0.0,False,False
24,1,Orientation gauche,-3.1982224306669296,-15.615934512762072,-0.14936408400535583,1.485280156135559,-0.5300230383872986,-0.20764854550361633,-0.3239406645298004,-0.36602747440338135,0.0,0.0,False,False
25,1,Orientation gauche,-3.048865863068356,-18.664800375830428,-0.15491390228271484,1.4801164865493774,-0.5387455224990845,-0.2332228124141693,-0.3408866226673126,-0.3389188349246979,0.0,0.0,False,False
26,1,Orientation gauche,-2.845872628023925,-21.510673003854354,-0.16053056716918945,1.4743808507919312,-0.5472242832183838,-0.25840654969215393,-0.35604435205459595,-0.30315443873405457,0.0,0.0,False,False
27,1,Orientation gauche,-2.611747357338571,-24.122420361192926,-0.16620931029319763,1.4680821895599365,-0.5551681518554688,-0.28315073251724243,-0.36945709586143494,-0.2682548463344574,0.0,0.0,False,False
28,1,Orientation gauche,-2.5514156708685207,-26.67383603206145,-0.1719692200422287,1.4612369537353516,-0.5655362606048584,-0.30696359276771545,-0.3805435597896576,-0.221730038523674,0.0,0.0,False,False
29,1,Orientation gauche,-2.2920549272889432,-28.965890959350393,-0.17781105637550354,1.4538530111312866,-0.5760310292243958,-0.3303810954093933,-0.389222115278244,-0.17357096076011658,0.0,0.0,False,False
30,0,Ne rien faire,-1.5147614942400196,-30.480652453590412,-0.18365278840065002,1.4458699226379395,-0.5760345458984375,-0.3570536673069,-0.39790061116218567,-0.1735699474811554,0.0,0.0,False,False
31,0,Ne rien faire,-1.5343678317171623,-32.01502028530757,-0.18949413299560547,1.43728768825531,-0.5760381817817688,-0.3837261497974396,-0.40657904744148254,-0.17356866598129272,0.0,0.0,False,False
32,0,Ne rien faire,-1.549501019432654,-33.564521304740225,-0.19533519446849823,1.4281063079833984,-0.5760418772697449,-0.4103986620903015,-0.41525742411613464,-0.1735677868127823,0.0,0.0,False,False
33,0,Ne rien faire,-1.5603374340253708,-35.124858738765596,-0.20117607712745667,1.4183259010314941,-0.5760456919670105,-0.43707117438316345,-0.42393577098846436,-0.1735670119524002,0.0,0.0,False,False
34,0,Ne rien faire,-1.5670764695568096,-36.691935208322406,-0.20701651275157928,1.4079464673995972,-0.5760495662689209,-0.4637436270713806,-0.4326140880584717,-0.17356610298156738,0.0,0.0,False,False
35,0,Ne rien faire,-1.5699573240285645,-38.26189253235097,-0.212856724858284,1.396967887878418,-0.5760535597801208,-0.4904160499572754,-0.44129234552383423,-0.17356522381305695,0.0,0.0,False,False
36,1,Orientation gauche,-1.8717815609471404,-40.13367409329811,-0.21875739097595215,1.3854233026504517,-0.5836768746376038,-0.515117347240448,-0.4482731521129608,-0.13961689174175262,0.0,0.0,False,False
37,1,Orientation gauche,-1.7530691207367386,-41.88674321403485,-0.22474393248558044,1.3733359575271606,-0.5945631265640259,-0.5385420322418213,-0.4527585506439209,-0.08970815688371658,0.0,0.0,False,False
38,1,Orientation gauche,-1.2878821819149084,-43.17462539594976,-0.2307838499546051,1.3606994152069092,-0.6014537811279297,-0.5624516606330872,-0.455547034740448,-0.05576993152499199,0.0,0.0,False,False
39,1,Orientation gauche,-1.1301161815993896,-44.30474157754915,-0.23688969016075134,1.3475230932235718,-0.6099297404289246,-0.5858238935470581,-0.45626333355903625,-0.014325994066894054,0.0,0.0,False,False
40,1,Orientation gauche,-0.9466197644119052,-45.25136134196106,-0.24307069182395935,1.3338066339492798,-0.6195276975631714,-0.6091547608375549,-0.4546988904476166,0.03128925710916519,0.0,0.0,False,False
41,3,Orientation droite,-0.2403778470149109,-45.49173918897597,-0.2491840422153473,1.3194481134414673,-0.6109922528266907,-0.6382668614387512,-0.45507553219795227,-0.007532734423875809,0.0,0.0,False,False
42,3,Orientation droite,-0.4492216035045249,-45.940960792480496,-0.2552265524864197,1.3044445514678955,-0.6020558476448059,-0.6675460934638977,-0.45749321579933167,-0.048353467136621475,0.0,0.0,False,False
43,2,Moteur principal,2.6627412066015497,-43.278219585878944,-0.26107725501060486,1.2896231412887573,-0.582626461982727,-0.6595285534858704,-0.46017971634864807,-0.0537298321723938,0.0,0.0,False,False
44,2,Moteur principal,6.700909539088014,-36.57731004679093,-0.2663375437259674,1.27542245388031,-0.5242942571640015,-0.6317204236984253,-0.46209102869033813,-0.038226205855607986,0.0,0.0,False,False
45,2,Moteur principal,5.93608336061352,-30.641226686177408,-0.2712400555610657,1.262091875076294,-0.48803505301475525,-0.5932060480117798,-0.4645416736602783,-0.049013108015060425,0.0,0.0,False,False
46,2,Moteur principal,4.146680357769935,-26.494546328407473,-0.2757653594017029,1.249090552330017,-0.45056262612342834,-0.5785019993782043,-0.46671560406684875,-0.0434783436357975,0.0,0.0,False,False
47,2,Moteur principal,3.6481079671833756,-22.8464383612241,-0.27999886870384216,1.2364462614059448,-0.421275794506073,-0.5626665949821472,-0.46901199221611023,-0.04592697322368622,0.0,0.0,False,False
48,2,Moteur principal,1.2556788929218328,-21.590759468302267,-0.2840609550476074,1.2236964702606201,-0.40414851903915405,-0.5673562288284302,-0.47128984332084656,-0.04555723816156387,0.0,0.0,False,False
49,2,Moteur principal,3.6892712721982663,-17.901488196104,-0.2878015637397766,1.2112926244735718,-0.3720053732395172,-0.5519787669181824,-0.4735671281814575,-0.045545849949121475,0.0,0.0,False,False
50,2,Moteur principal,2.5697518337909857,-15.331736362313016,-0.2913469672203064,1.199146032333374,-0.3521309494972229,-0.5406832098960876,-0.47624579071998596,-0.05357314273715019,0.0,0.0,False,False
51,2,Moteur principal,1.3462857181303434,-13.985450644182674,-0.29479455947875977,1.1870901584625244,-0.34182795882225037,-0.5368155837059021,-0.4794984757900238,-0.06505348533391953,0.0,0.0,False,False
52,2,Moteur principal,2.7629331337882492,-11.222517510394425,-0.29786181449890137,1.1751105785369873,-0.30434706807136536,-0.5332619547843933,-0.48215240240097046,-0.053078342229127884,0.0,0.0,False,False
53,2,Moteur principal,2.597951766995192,-8.624565743399234,-0.3006087839603424,1.1632670164108276,-0.27254775166511536,-0.5271278023719788,-0.48454609513282776,-0.04787396639585495,0.0,0.0,False,False
54,2,Moteur principal,0.6556914847071027,-7.968874258692131,-0.3032923638820648,1.1513919830322266,-0.2657163441181183,-0.5287086367607117,-0.4874964654445648,-0.05900747328996658,0.0,0.0,False,False
55,2,Moteur principal,1.6445390889236478,-6.324335169768483,-0.30563393235206604,1.1394253969192505,-0.23211106657981873,-0.5325725078582764,-0.48978376388549805,-0.04574601352214813,0.0,0.0,False,False
56,2,Moteur principal,4.975770402803119,-1.3485647669653646,-0.3076316714286804,1.1282421350479126,-0.1971946656703949,-0.4979579746723175,-0.49267345666885376,-0.05779380723834038,0.0,0.0,False,False
57,2,Moteur principal,4.21964314084367,2.871078373878305,-0.30924469232559204,1.1176642179489136,-0.1585509479045868,-0.4711149334907532,-0.49575260281562805,-0.06158288195729256,0.0,0.0,False,False
58,2,Moteur principal,3.4619336508697076,6.333012024748013,-0.3105829656124115,1.107647180557251,-0.13056686520576477,-0.4463833272457123,-0.49941614270210266,-0.0732709988951683,0.0,0.0,False,False
59,2,Moteur principal,4.4733404776152215,10.806352502363234,-0.3115275502204895,1.0984069108963013,-0.0908118337392807,-0.41200366616249084,-0.5035134553909302,-0.0819459855556488,0.0,0.0,False,False
60,0,Ne rien faire,-2.0973919092156734,8.70896059314756,-0.3124719560146332,1.0885670185089111,-0.09081284701824188,-0.4386715888977051,-0.5076107382774353,-0.08194585889577866,0.0,0.0,False,False
61,0,Ne rien faire,-2.0474949883849263,6.661465604762634,-0.31341633200645447,1.0781272649765015,-0.09081387519836426,-0.4653395116329193,-0.5117080211639404,-0.0819457620382309,0.0,0.0,False,False
62,0,Ne rien faire,-1.9967559917662925,4.664709612996342,-0.3143606185913086,1.0670876502990723,-0.09081490337848663,-0.49200737476348877,-0.5158053040504456,-0.08194565027952194,0.0,0.0,False,False
63,2,Moteur principal,3.432223608459805,8.096933221456148,-0.31469884514808655,1.0565693378448486,-0.030862484127283096,-0.46860602498054504,-0.5191693902015686,-0.0672820508480072,0.0,0.0,False,False
64,0,Ne rien faire,-1.9423634147273958,6.154569806728752,-0.3150370121002197,1.0454511642456055,-0.030863195657730103,-0.49527356028556824,-0.5225334763526917,-0.06728199124336243,0.0,0.0,False,False
65,0,Ne rien faire,-1.8866890769499207,4.267880729778831,-0.3153751790523529,1.0337331295013428,-0.03086390718817711,-0.521941065788269,-0.5258975625038147,-0.06728191673755646,0.0,0.0,False,False
66,1,Orientation gauche,-1.3161951282407631,2.9516856015380677,-0.31577882170677185,1.0214855670928955,-0.039347998797893524,-0.544726550579071,-0.5270557999610901,-0.023164425045251846,0.0,0.0,False,False
67,2,Moteur principal,2.0430041204178453,4.994689721955913,-0.31577450037002563,1.0094925165176392,0.0011772280558943748,-0.5333154201507568,-0.5279083847999573,-0.01705149933695793,0.0,0.0,False,False
68,1,Orientation gauche,-1.2112477105650317,3.783442011390881,-0.3158261775970459,0.9969354867935181,-0.005840386264026165,-0.5578309893608093,-0.5271380543708801,0.015406091697514057,0.0,0.0,False,False
69,2,Moteur principal,1.1949370612410462,4.9783790726319275,-0.31576085090637207,0.9844465255737305,0.006354535464197397,-0.5549967288970947,-0.5269359946250916,0.004041706677526236,0.0,0.0,False,False
70,2,Moteur principal,3.3759639806993222,8.354343053331249,-0.3151073455810547,0.972597599029541,0.06479942053556442,-0.5264092087745667,-0.5263049006462097,0.012622134760022163,0.0,0.0,False,False
71,1,Orientation gauche,-0.7693910608543877,7.584951992476861,-0.3145185112953186,0.9602112174034119,0.05648379400372505,-0.5495762228965759,-0.5235697031021118,0.054704952985048294,0.0,0.0,False,False
72,1,Orientation gauche,-0.49833879007016324,7.0866132024066975,-0.31401047110557556,0.9472828507423401,0.04627968370914459,-0.5728681683540344,-0.5184277892112732,0.10283802449703217,0.0,0.0,False,False
73,2,Moteur principal,3.0797535052607374,10.166366707667436,-0.3129216730594635,0.9348859190940857,0.10381855070590973,-0.5490602850914001,-0.5126811265945435,0.11493370682001114,0.0,0.0,False,False
74,1,Orientation gauche,-0.11417901700724428,10.052187690660192,-0.3119025230407715,0.9219496250152588,0.0948973223567009,-0.5723350048065186,-0.5047490000724792,0.15864241123199463,0.0,0.0,False,False
75,2,Moteur principal,1.46733495365184,11.519522644312032,-0.3107298016548157,0.9090198278427124,0.11047688871622086,-0.5721766352653503,-0.49709901213645935,0.15299983322620392,0.0,0.0,False,False
76,2,Moteur principal,1.7831841338086292,13.30270677812066,-0.30917805433273315,0.8962864279747009,0.14801470935344696,-0.5633593201637268,-0.4890795946121216,0.1603882610797882,0.0,0.0,False,False
77,1,Orientation gauche,0.3207385166692813,13.623445294789942,-0.3077095150947571,0.8830136656761169,0.13744816184043884,-0.586600661277771,-0.4785844385623932,0.20990312099456787,0.0,0.0,False,False
78,2,Moteur principal,3.580923262022634,17.204368556812575,-0.30592894554138184,0.8703092932701111,0.16893312335014343,-0.5615140199661255,-0.4684673845767975,0.20234183967113495,0.0,0.0,False,False
79,1,Orientation gauche,0.27013474018852546,17.4745032970011,-0.3042023777961731,0.8570412993431091,0.16206899285316467,-0.5861557722091675,-0.4567784368991852,0.23377898335456848,0.0,0.0,False,False
80,2,Moteur principal,3.1553361791342356,20.629839476135334,-0.3021550178527832,0.8442409634590149,0.19419288635253906,-0.5654948353767395,-0.4452095031738281,0.23137864470481873,0.0,0.0,False,False
81,1,Orientation gauche,0.6503406642033565,21.28018014033869,-0.3001805245876312,0.830885112285614,0.18493643403053284,-0.5896686315536499,-0.4315621554851532,0.2729470431804657,0.0,0.0,False,False
82,2,Moteur principal,1.3309781136306753,22.611158253969364,-0.29788774251937866,0.817497968673706,0.21612289547920227,-0.5910204648971558,-0.41731131076812744,0.28501683473587036,0.0,0.0,False,False
83,2,Moteur principal,2.7690786387248183,25.38023689269418,-0.29527726769447327,0.8044717311859131,0.24768438935279846,-0.5750571489334106,-0.4029179811477661,0.28786736726760864,0.0,0.0,False,False
84,2,Moteur principal,2.671656637493567,28.051893530187748,-0.29265499114990234,0.7915467619895935,0.24952197074890137,-0.5708960890769958,-0.389321893453598,0.27192240953445435,0.0,0.0,False,False
85,2,Moteur principal,0.9280683788419821,28.97996190902973,-0.2897709310054779,0.7785115242004395,0.2751147150993347,-0.575779914855957,-0.3751789331436157,0.2828587293624878,0.0,0.0,False,False
86,2,Moteur principal,2.628790039707991,31.60875194873772,-0.28651928901672363,0.765948474407196,0.31144875288009644,-0.5548244714736938,-0.36066576838493347,0.29026341438293457,0.0,0.0,False,False
87,0,Ne rien faire,0.4584356876208915,32.06718763635861,-0.2832670211791992,0.752788245677948,0.31143918633461,-0.5815076231956482,-0.34615281224250793,0.2902592420578003,0.0,0.0,False,False
88,2,Moteur principal,0.8679189711010735,32.93510660745969,-0.27975526452064514,0.7395020723342896,0.3367113471031189,-0.5870887637138367,-0.3310074210166931,0.3029077649116516,0.0,0.0,False,False
89,2,Moteur principal,1.2690620005572384,34.20416860801693,-0.2760605216026306,0.7260990142822266,0.3546198010444641,-0.5923713445663452,-0.31554630398750305,0.3092220723628998,0.0,0.0,False,False
90,2,Moteur principal,3.4095426905456465,37.61371129856258,-0.27212628722190857,0.713261067867279,0.3785569965839386,-0.5674187541007996,-0.30014684796333313,0.30798953771591187,0.0,0.0,False,False
91,2,Moteur principal,1.963621952722957,39.57733325128554,-0.2677949070930481,0.7008618116378784,0.4174220561981201,-0.5479166507720947,-0.28393974900245667,0.32414188981056213,0.0,0.0,False,False
92,2,Moteur principal,2.006007868896103,41.58334112018164,-0.26333314180374146,0.6885130405426025,0.4303658604621887,-0.5458444952964783,-0.26771578192710876,0.32447922229766846,0.0,0.0,False,False
93,1,Orientation gauche,1.5780442141329172,43.16138533431456,-0.258931964635849,0.6755926609039307,0.4226341247558594,-0.5711448192596436,-0.24986200034618378,0.3570757210254669,0.0,0.0,False,False
94,2,Moteur principal,1.9412124476638837,45.102597781978446,-0.25442367792129517,0.6625937819480896,0.4331899583339691,-0.574838399887085,-0.23192563652992249,0.3587276339530945,0.0,0.0,False,False
95,2,Moteur principal,2.557207465789941,47.65980524776839,-0.2498626708984375,0.6496095657348633,0.43857651948928833,-0.5744195580482483,-0.21418806910514832,0.3547512888908386,0.0,0.0,False,False
96,2,Moteur principal,3.1507600699110982,50.81056531767949,-0.2450554370880127,0.637152373790741,0.4627593159675598,-0.5511541962623596,-0.1960766315460205,0.3622291684150696,0.0,0.0,False,False
97,2,Moteur principal,5.483780318892582,56.294345636572075,-0.2402062863111496,0.6256353259086609,0.46762150526046753,-0.5096770524978638,-0.17869943380355835,0.3475438952445984,0.0,0.0,False,False
98,1,Orientation gauche,2.060434546183872,58.354780182755945,-0.23544053733348846,0.6135556697845459,0.457019567489624,-0.5346422791481018,-0.15911860764026642,0.39161691069602966,0.0,0.0,False,False
99,2,Moteur principal,2.093398587686363,60.44817877044231,-0.23042798042297363,0.6016769409179688,0.4809083044528961,-0.5258896350860596,-0.1388024538755417,0.4063231348991394,0.0,0.0,False,False
100,2,Moteur principal,2.87561185181998,63.323790622262294,-0.2251289337873459,0.5903463363647461,0.5086679458618164,-0.5017370581626892,-0.11766476929187775,0.42275363206863403,0.0,0.0,False,False
101,2,Moteur principal,4.380635100591019,67.70442572285332,-0.2198837250471115,0.5793673396110535,0.5038315057754517,-0.4864571988582611,-0.09711847454309464,0.41092610359191895,0.0,0.0,False,False
102,2,Moteur principal,2.8290661702179536,70.53349189307127,-0.2146393358707428,0.5683560371398926,0.5038847327232361,-0.48818108439445496,-0.07674590498209,0.40745168924331665,0.0,0.0,False,False
103,1,Orientation gauche,2.163113491880894,72.69660538495216,-0.20945724844932556,0.5567687153816223,0.4960056245326996,-0.5139978528022766,-0.05477587878704071,0.4394003450870514,0.0,0.0,False,False
104,1,Orientation gauche,2.3777851080640757,75.07439049301624,-0.20435233414173126,0.5445838570594788,0.48630261421203613,-0.5408411026000977,-0.030870074406266212,0.4781162142753601,0.0,0.0,False,False
105,2,Moteur principal,3.1513793802865395,78.22576987330278,-0.19909267127513885,0.5326201915740967,0.5011066198348999,-0.531390368938446,-0.006328499410301447,0.4908313751220703,0.0,0.0,False,False
106,2,Moteur principal,1.6773465398992868,79.90311641320207,-0.19390583038330078,0.5210981369018555,0.4941798150539398,-0.5121656656265259,0.017855443060398102,0.4836793839931488,0.0,0.0,False,False
107,2,Moteur principal,1.091714490135996,80.99483090333807,-0.18874788284301758,0.510353147983551,0.4913733899593353,-0.4780232012271881,0.041981879621744156,0.4825289845466614,0.0,0.0,False,False
108,2,Moteur principal,0.08394639386916652,81.07877729720724,-0.18366222083568573,0.4999808073043823,0.4843754768371582,-0.4618412256240845,0.06589951366186142,0.4783526062965393,0.0,0.0,False,False
109,2,Moteur principal,-0.16096317211047334,80.91781412509677,-0.17870931327342987,0.48975706100463867,0.47159725427627563,-0.4555964469909668,0.08935587108135223,0.46912747621536255,0.0,0.0,False,False
110,2,Moteur principal,0.5216244664354093,81.43943859153218,-0.17397566139698029,0.4796926975250244,0.45051178336143494,-0.4488247334957123,0.11201038211584091,0.45309072732925415,0.0,0.0,False,False
111,2,Moteur principal,2.178063357766061,83.61750194929824,-0.1693999320268631,0.47047099471092224,0.43502554297447205,-0.41169434785842896,0.13443711400032043,0.44853487610816956,0.0,0.0,False,False
112,3,Orientation droite,-3.4194870349548396,80.1980149143434,-0.16476145386695862,0.46066561341285706,0.4429718554019928,-0.4378117024898529,0.15525774657726288,0.4164127707481384,0.0,0.0,False,False
113,2,Moteur principal,1.5866773441055784,81.78469225844898,-0.16033191978931427,0.45132866501808167,0.42259734869003296,-0.4172278940677643,0.17563357949256897,0.40751704573631287,0.0,0.0,False,False
114,3,Orientation droite,-3.3335324820269805,78.451159776422,-0.15582045912742615,0.4414103627204895,0.432931125164032,-0.4430679380893707,0.1939162015914917,0.36565232276916504,0.0,0.0,False,False
115,2,Moteur principal,0.3298569995850443,78.78101677600705,-0.15153904259204865,0.4314243793487549,0.41072553396224976,-0.44619476795196533,0.21147207915782928,0.35111749172210693,0.0,0.0,False,False
116,2,Moteur principal,0.06588930449339331,78.84690608050045,-0.1473034918308258,0.421678751707077,0.4058656692504883,-0.4357680082321167,0.22936375439167023,0.35783347487449646,0.0,0.0,False,False
117,3,Orientation droite,-3.041507248712661,75.80539883178778,-0.14299336075782776,0.41135260462760925,0.4152807295322418,-0.4614660143852234,0.2453354150056839,0.31943321228027344,0.0,0.0,False,False
118,2,Moteur principal,1.6113255419971437,77.41672437378493,-0.1389407217502594,0.4012387990951538,0.39012524485588074,-0.45210665464401245,0.2607603371143341,0.3084987699985504,0.0,0.0,False,False
119,2,Moteur principal,1.7305715020358121,79.14729587582075,-0.1350594460964203,0.39154958724975586,0.3729974925518036,-0.43339768052101135,0.2762337923049927,0.30946987867355347,0.0,0.0,False,False
120,3,Orientation droite,-2.71726804662559,76.43002782919515,-0.13111934065818787,0.3812931776046753,0.3805394768714905,-0.4584466218948364,0.29008665680885315,0.27705779671669006,0.0,0.0,False,False
121,2,Moteur principal,1.422915221167483,77.85294305036264,-0.12730570137500763,0.3714083433151245,0.36765938997268677,-0.44211769104003906,0.3042357265949249,0.28298166394233704,0.0,0.0,False,False
122,2,Moteur principal,1.5726755280109443,79.42561857837359,-0.12378787994384766,0.3616313934326172,0.3387629985809326,-0.4373174011707306,0.3177337646484375,0.26996085047721863,0.0,0.0,False,False
123,3,Orientation droite,-2.604800406320449,76.82081817205314,-0.12019071727991104,0.35130050778388977,0.34886160492897034,-0.4615674614906311,0.3290247917175293,0.2258203774690628,0.0,0.0,False,False
124,2,Moteur principal,0.970207828630717,77.79102600068386,-0.11682796478271484,0.340944766998291,0.3259078562259674,-0.4626554548740387,0.3398638367652893,0.21678116917610168,0.0,0.0,False,False
125,2,Moteur principal,3.3719754353590874,81.16300143604295,-0.11381540447473526,0.33106014132499695,0.2913249731063843,-0.4416922926902771,0.3502771556377411,0.20826616883277893,0.0,0.0,False,False
126,3,Orientation droite,-2.2744131676551818,78.88858826838776,-0.11074753105640411,0.3206145465373993,0.2984021306037903,-0.46631380915641785,0.359093576669693,0.17632901668548584,0.0,0.0,False,False
127,2,Moteur principal,3.845779181093076,82.73436744948084,-0.1080954521894455,0.310641884803772,0.2574533522129059,-0.4451885223388672,0.36727315187454224,0.16359135508537292,0.0,0.0,False,False
128,2,Moteur principal,4.402251311674175,87.13661876115502,-0.1059255599975586,0.3012356758117676,0.2100144326686859,-0.41985687613487244,0.37466442584991455,0.1478254497051239,0.0,0.0,False,False
129,3,Orientation droite,-2.1555015580712635,84.98111720308376,-0.10369310528039932,0.2912624478340149,0.21791331470012665,-0.44466716051101685,0.38032692670822144,0.11325009912252426,0.0,0.0,False,False
130,2,Moteur principal,2.5573520259748763,87.53846922905863,-0.10168485343456268,0.28166449069976807,0.19535423815250397,-0.428043395280838,0.38614293932914734,0.11631941795349121,0.0,0.0,False,False
131,3,Orientation droite,-1.9326237395054437,85.60584548955319,-0.09961175918579102,0.2715139389038086,0.2036440372467041,-0.45213255286216736,0.39005401730537415,0.07822135090827942,0.0,0.0,False,False
132,2,Moteur principal,3.265663400418245,88.87150888997144,-0.0977545753121376,0.26189419627189636,0.1816832721233368,-0.4286614954471588,0.39436715841293335,0.08626337349414825,0.0,0.0,False,False
133,3,Orientation droite,-1.7614122314640628,87.11009665850737,-0.09582071006298065,0.25173240900039673,0.19146619737148285,-0.4521671235561371,0.3964124619960785,0.04090558737516403,0.0,0.0,False,False
134,2,Moteur principal,4.548482273830996,91.65857893233837,-0.09431848675012589,0.24217702448368073,0.1486903578042984,-0.4251115620136261,0.39805370569229126,0.03282405063509941,0.0,0.0,False,False
135,3,Orientation droite,-1.6494151642345247,90.00916376810385,-0.09275760501623154,0.23204734921455383,0.1560383141040802,-0.4502240717411041,0.3981112241744995,0.0011502511333674192,0.0,0.0,False,False
136,2,Moteur principal,4.258479997329215,94.26764376543306,-0.09137745201587677,0.22266434133052826,0.13718029856681824,-0.41725942492485046,0.399007648229599,0.01792849600315094,0.0,0.0,False,False
137,3,Orientation droite,-1.5910972910297534,92.67654647440331,-0.08993196487426758,0.21271027624607086,0.14536330103874207,-0.44217583537101746,0.39813756942749023,-0.01740172877907753,0.0,0.0,False,False
138,2,Moteur principal,4.266598057761738,96.94314453216505,-0.08878946304321289,0.2033950686454773,0.11488737910985947,-0.4138295352458954,0.3974570631980896,-0.013609910383820534,0.0,0.0,False,False
139,3,Orientation droite,-1.4654129240003744,95.47773160816467,-0.08758668601512909,0.19350607693195343,0.12243080139160156,-0.4389095604419708,0.3951520323753357,-0.04610075801610947,0.0,0.0,False,False
140,2,Moteur principal,3.420346836050695,98.89807844421537,-0.08662700653076172,0.1840847283601761,0.09790267795324326,-0.4181866943836212,0.39307647943496704,-0.04151055961847305,0.0,0.0,False,False
141,2,Moteur principal,2.467549400263022,101.3656278444784,-0.08603820949792862,0.17487838864326477,0.06140629202127457,-0.4084763824939728,0.3903800845146179,-0.053927816450595856,0.0,0.0,False,False
142,3,Orientation droite,-1.2708698480312666,100.09475799644713,-0.08538360893726349,0.16510091722011566,0.06965857744216919,-0.4334108233451843,0.38590675592422485,-0.08946682512760162,0.0,0.0,False,False
143,2,Moteur principal,3.0510948230960624,103.1458528195432,-0.08505544811487198,0.15569116175174713,0.03727702051401138,-0.41701093316078186,0.38115817308425903,-0.09497135877609253,0.0,0.0,False,False
144,2,Moteur principal,3.0407450656023913,106.18659788514559,-0.08488969504833221,0.14673815667629242,0.02055051550269127,-0.3968544900417328,0.37692394852638245,-0.08468465507030487,0.0,0.0,False,False
145,3,Orientation droite,-1.05874620938357,105.12785167576202,-0.08465556800365448,0.13722839951515198,0.029252896085381508,-0.42113035917282104,0.3707368075847626,-0.12374280393123627,0.0,0.0,False,False
146,2,Moteur principal,3.8802950817248503,109.00814675748687,-0.08460207283496857,0.12834836542606354,0.010639568790793419,-0.39330679178237915,0.3651447296142578,-0.11184146255254745,0.0,0.0,False,False
147,2,Moteur principal,4.319190806559061,113.32733756404593,-0.08494558185338974,0.12025388330221176,-0.028873581439256668,-0.35837164521217346,0.35936349630355835,-0.11562541872262955,0.0,0.0,False,False
148,3,Orientation droite,-0.8734124369826037,112.45392512706333,-0.08520917594432831,0.11160815507173538,-0.01872270181775093,-0.38236191868782043,0.35132357478141785,-0.16079868376255035,0.0,0.0,False,False
149,3,Orientation droite,-0.786854996280552,111.66707013078278,-0.08541221916675568,0.10239902138710022,-0.011026633903384209,-0.40705543756484985,0.3415798842906952,-0.19487370550632477,0.0,0.0,False,False
150,2,Moteur principal,1.4226527309251196,113.0897228617079,-0.0855950340628624,0.09322665631771088,-0.00969088263809681,-0.4056444764137268,0.33258146047592163,-0.1799679398536682,0.0,0.0,False,False
151,2,Moteur principal,3.02923489357664,116.11895775528454,-0.0859752669930458,0.08449473977088928,-0.029585685580968857,-0.3861662745475769,0.32376745343208313,-0.17628036439418793,0.0,0.0,False,False
152,2,Moteur principal,4.024186301116498,120.14314405640104,-0.08662357181310654,0.07650598138570786,-0.05649392679333687,-0.3532109260559082,0.3150966167449951,-0.17341646552085876,0.0,0.0,False,False
153,3,Orientation droite,-0.6300265439769805,119.51311751242406,-0.08717946708202362,0.06796503812074661,-0.04477178305387497,-0.3772890865802765,0.30389073491096497,-0.22411790490150452,0.0,0.0,False,False
154,2,Moteur principal,1.486245317426875,120.99936282985094,-0.08779792487621307,0.0595037080347538,-0.05133701488375664,-0.3739009499549866,0.29303550720214844,-0.21710482239723206,0.0,0.0,False,False
155,2,Moteur principal,1.3499802980893747,122.34934312794032,-0.0884731262922287,0.05111304298043251,-0.0573185570538044,-0.37090110778808594,0.2825261652469635,-0.2101869136095047,0.0,0.0,False,False
156,2,Moteur principal,2.834459422336008,125.18380255027633,-0.08919086307287216,0.04316605255007744,-0.062212985008955,-0.35138389468193054,0.2727257311344147,-0.1960088014602661,0.0,0.0,False,False
157,2,Moteur principal,1.8969832187455296,127.08078576902186,-0.0900690108537674,0.035522542893886566,-0.0782737135887146,-0.3379644751548767,0.2629610300064087,-0.19529423117637634,0.0,0.0,False,False
158,3,Orientation droite,-0.9633323772809337,126.11745339174092,-0.09087848663330078,0.027306828647851944,-0.06960101425647736,-0.3631497323513031,0.2513737082481384,-0.2317466288805008,0.0,0.0,False,False
159,2,Moteur principal,20.67335159296176,146.79080498470267,-0.09194955974817276,0.020901784300804138,-0.07763038575649261,-0.2798839211463928,0.22154618799686432,-0.5964188575744629,0.0,1.0,False,False
160,2,Moteur principal,9.209501433710994,156.00030641841366,-0.09312601387500763,0.015523919835686684,-0.07026667892932892,-0.2326231449842453,0.17378194630146027,-0.9553346633911133,0.0,1.0,False,False
161,2,Moteur principal,8.972971853147573,164.97327827156124,-0.09453029930591583,0.011014733463525772,-0.07974060624837875,-0.19446223974227905,0.11312098801136017,-1.2133644819259644,0.0,1.0,False,False
162,2,Moteur principal,6.052438687705608,171.02571695926684,-0.09608545154333115,0.006655571516603231,-0.09014903008937836,-0.19009803235530853,0.04823681339621544,-1.2978484630584717,0.0,1.0,False,False
163,2,Moteur principal,5.951371159030086,176.97708811829693,-0.0976293534040451,0.003135476028546691,-0.0906941145658493,-0.15559306740760803,-0.01465331856161356,-1.257805585861206,0.0,1.0,False,False
164,1,Orientation gauche,-9.171840459013081,167.80524765928385,-0.09926033020019531,-0.0009409093763679266,-0.1016988754272461,-0.18288597464561462,-0.07532230764627457,-1.213382601737976,1.0,0.0,False,False
165,1,Orientation gauche,-5.020551231295236,162.78469642798862,-0.1009153351187706,-0.00491458410397172,-0.12175612151622772,-0.1796833574771881,-0.11566823720932007,-0.803031325340271,1.0,0.0,False,False
166,1,Orientation gauche,-2.8885492237417965,159.89614720424683,-0.10250453650951385,-0.008835080079734325,-0.1394612193107605,-0.17586658895015717,-0.13500244915485382,-0.3866720199584961,1.0,0.0,False,False
167,2,Moteur principal,5.640178981270087,165.5363261855169,-0.10365848243236542,-0.01145484670996666,-0.11622688919305801,-0.11635500937700272,-0.13418704271316528,0.016299111768603325,1.0,0.0,False,False
168,1,Orientation gauche,1.1414305183223672,166.6777567038393,-0.10473527759313583,-0.01408244576305151,-0.12978844344615936,-0.11494555324316025,-0.1121736392378807,0.4403010904788971,1.0,0.0,False,False
169,2,Moteur principal,18.781099491313736,185.45885619515303,-0.10550031810998917,-0.014822914265096188,-0.09607158601284027,-0.03157025948166847,-0.09274911880493164,0.38850295543670654,1.0,1.0,False,False
170,0,Ne rien faire,2.5146396044910446,187.97349579964407,-0.10623578727245331,-0.015210404060781002,-0.08711452037096024,-0.016443319618701935,-0.07929311692714691,0.26913127303123474,1.0,1.0,False,False
171,0,Ne rien faire,1.6784687550675272,189.65196455471158,-0.10694656521081924,-0.015260078944265842,-0.07825727760791779,-0.001845363061875105,-0.07217156141996384,0.1424427330493927,1.0,1.0,False,False
172,0,Ne rien faire,2.63548741800534,192.28745197271692,-0.10742340236902237,-0.014817335642874241,-0.05071200057864189,0.019785268232226372,-0.06925007700920105,0.05834398418664932,1.0,1.0,False,False
173,0,Ne rien faire,0.40285174967562654,192.69030372239254,-0.10772351920604706,-0.01392394583672285,-0.02867145836353302,0.03965286165475845,-0.07054470479488373,-0.02585909701883793,1.0,1.0,False,False
174,0,Ne rien faire,-1.3786883774094747,191.31161534498307,-0.1080138236284256,-0.012735548429191113,-0.024321991950273514,0.05261022225022316,-0.07516156882047653,-0.09227170050144196,1.0,1.0,False,False
175,0,Ne rien faire,-1.0965739844594253,190.21504136052363,-0.10829391330480576,-0.01137402281165123,-0.024124199524521828,0.060313474386930466,-0.07900089025497437,-0.07677323371171951,1.0,1.0,False,False
176,0,Ne rien faire,2.078367370274396,192.29340873079803,-0.10843763500452042,-0.010331680998206139,-0.021885013207793236,0.046705327928066254,-0.07155874371528625,0.14884522557258606,1.0,1.0,False,False
177,0,Ne rien faire,-8.687030562747946,183.6063781680501,-0.10859565436840057,-0.009466328658163548,-0.022094205021858215,0.03874754533171654,-0.06532468646764755,0.12468300759792328,1.0,0.0,False,False
178,3,Orientation droite,1.9959531825470844,185.60233135059718,-0.10867347568273544,-0.008888079784810543,-0.012055426836013794,0.025879060849547386,-0.06109115108847618,0.08467276394367218,1.0,0.0,False,False
179,3,Orientation droite,1.570036638400546,187.17236798899773,-0.10867996513843536,-0.008559277281165123,-0.0031531541608273983,0.014715006574988365,-0.05861082300543785,0.04960940033197403,1.0,0.0,False,False
180,3,Orientation droite,0.7277895868059059,187.90015757580363,-0.10861138999462128,-0.00840932410210371,0.005633839871734381,0.006708590779453516,-0.057401567697525024,0.024190368130803108,1.0,0.0,False,False
181,1,Orientation gauche,0.12454702612657201,188.0247046019302,-0.10865183174610138,-0.00826344732195139,-0.005242618732154369,0.006529565434902906,-0.05621359869837761,0.023762313649058342,1.0,0.0,False,False
182,1,Orientation gauche,-0.8106687162851987,187.21403588564502,-0.10877752304077148,-0.00802637543529272,-0.014449968934059143,0.010602043010294437,-0.05436424911022186,0.036979787051677704,1.0,0.0,False,False
183,3,Orientation droite,0.7429386110799368,187.95697449672497,-0.10881586372852325,-0.007790055125951767,-0.005685538984835148,0.010570061393082142,-0.05253380164504051,0.036611564457416534,1.0,0.0,False,False
184,3,Orientation droite,0.08463861887138194,188.04161311559636,-0.10877208411693573,-0.007500197738409042,0.002140331780537963,0.012959280051290989,-0.05031871050596237,0.044303685426712036,1.0,0.0,False,False
185,3,Orientation droite,-0.383082163327926,187.65853095226845,-0.10862188041210175,-0.007170107215642929,0.012495217844843864,0.014751809649169445,-0.047823935747146606,0.049900125712156296,1.0,0.0,False,False
186,3,Orientation droite,-0.38486805863677165,187.27366289363167,-0.10840006172657013,-0.006780257448554039,0.01930289901793003,0.017409177497029305,-0.04495764151215553,0.05735018849372864,1.0,0.0,False,False
187,3,Orientation droite,0.018822507431872,187.29248540106354,-0.10815439373254776,-0.0063320063054561615,0.02117188461124897,0.020020032301545143,-0.04159712791442871,0.06720979511737823,1.0,0.0,False,False
188,3,Orientation droite,-0.06864993174109088,187.22383546932247,-0.10785798728466034,-0.005868162959814072,0.026112720370292664,0.02070867083966732,-0.03811666741967201,0.06960783898830414,1.0,0.0,False,False
189,3,Orientation droite,0.19728599011387374,187.42112145943634,-0.10754384845495224,-0.005392983090132475,0.02779804728925228,0.021206529811024666,-0.03454631194472313,0.07140569388866425,1.0,0.0,False,False
190,3,Orientation droite,-0.06150538846823636,187.3596160709681,-0.10717467963695526,-0.004939868580549955,0.03345575928688049,0.020211685448884964,-0.031128332018852234,0.06835822761058807,1.0,0.0,False,False
191,3,Orientation droite,0.17452773328554486,187.53414380425363,-0.10678263008594513,-0.004509248770773411,0.0359017513692379,0.0192023403942585,-0.027866369113326073,0.06523878127336502,1.0,0.0,False,False
192,3,Orientation droite,0.16212011578906285,187.6962639200427,-0.10636921226978302,-0.004098155535757542,0.03817912936210632,0.01832556538283825,-0.024739868938922882,0.06252925843000412,1.0,0.0,False,False
193,3,Orientation droite,-0.044291987714042164,187.65197193232865,-0.10591335594654083,-0.003721108427271247,0.04265495017170906,0.016805237159132957,-0.021855566650629044,0.05768671631813049,1.0,0.0,False,False
194,3,Orientation droite,0.12281362656442354,187.7747855588931,-0.10543765872716904,-0.003353180829435587,0.04471909627318382,0.01638946868479252,-0.019033366814255714,0.05644457787275314,1.0,0.0,False,False
195,3,Orientation droite,-0.2966122670438043,187.4781732918493,-0.10489825904369354,-0.0030118608847260475,0.05126948282122612,0.01520223543047905,-0.016400953754782677,0.05264971777796745,1.0,0.0,False,False
196,3,Orientation droite,0.057959239378044175,187.53613253122734,-0.10433454811573029,-0.0026677155401557684,0.053682841360569,0.015321633778512478,-0.01374355610460043,0.05314933508634567,1.0,0.0,False,False
197,3,Orientation droite,-0.16488963957372846,187.37124289165362,-0.10372237861156464,-0.0023114108480513096,0.05843386799097061,0.01585935428738594,-0.01099168136715889,0.05503828451037407,1.0,0.0,False,False
198,3,Orientation droite,0.12546008676780687,187.49670297842144,-0.10309009253978729,-0.0019242429407313466,0.06020163744688034,0.017228076234459877,-0.008006718941032887,0.059699647128582,1.0,0.0,False,False
199,3,Orientation droite,-0.21472773825093824,187.2819752401705,-0.10240039974451065,-0.0015381479170173407,0.06594507396221161,0.01717262715101242,-0.005023995880037546,0.059654396027326584,1.0,0.0,False,False
200,3,Orientation droite,-0.15879391738468016,187.12318132278583,-0.10165872424840927,-0.0011474037310108542,0.07111068814992905,0.017373988404870033,-0.0020006659906357527,0.06046643108129501,1.0,0.0,False,False
201,3,Orientation droite,-0.2778296278802823,186.84535169490553,-0.10089416801929474,-0.0011446857824921608,0.07644657790660858,0.00011938741954509169,-0.0019991977605968714,2.83149529423099e-05,1.0,0.0,False,False
202,0,Ne rien faire,0.631284653074669,187.4766363479802,-0.10018587112426758,-0.001147260656580329,0.07084054499864578,-0.00011446089774835855,-0.002000601962208748,-2.7149984816787764e-05,1.0,0.0,False,False
203,0,Ne rien faire,0.6332423576737227,188.1098787056539,-0.09953431785106659,-0.0011473321355879307,0.06515970081090927,-2.3794675598765025e-06,-0.0020006184931844473,-5.763023978033743e-07,1.0,0.0,False,False
204,0,Ne rien faire,0.6252479177426054,188.7351266233965,-0.09893932193517685,-0.0011473321355879307,0.059502191841602325,7.491948394999781e-07,-0.0020006089471280575,1.8027901660389034e-07,1.0,0.0,False,False
205,1,Orientation gauche,1.5347106967027557,190.26983732009924,-0.09849634021520615,-0.0011473321355879307,0.044298045337200165,8.165864642251108e-07,-0.002000597305595875,1.8239840926526085e-07,1.0,0.0,False,False
206,1,Orientation gauche,1.4745236120896668,191.7443609321889,-0.09820089489221573,-0.001147475210018456,0.029548171907663345,-4.9967848099186085e-06,-0.002000662963837385,-1.1881901400556671e-06,1.0,0.0,False,False
207,1,Orientation gauche,1.6308217712048496,193.37518270339373,-0.09807014465332031,-0.0011474037310108542,0.013070717453956604,1.7548147752677323e-06,-0.0020006399136036634,3.9805914298085554e-07,1.0,0.0,False,False
208,1,Orientation gauche,1.2761740473779721,194.6513567507717,-0.09807024151086807,-0.0011474037310108542,-8.96301025932189e-06,9.100846796172846e-07,-0.0020005125552415848,2.5057729544641916e-06,1.0,0.0,False,False
209,1,Orientation gauche,-0.4627240534781769,194.1886326972935,-0.09811286628246307,-0.001147475210018456,-0.004358359612524509,-3.870416549034417e-06,-0.0019357738783583045,0.0012593589490279555,1.0,0.0,False,False
210,1,Orientation gauche,-0.4726700105744974,193.71596268671902,-0.09819984436035156,-0.001147260656580329,-0.008697861805558205,1.0153714356420096e-05,-0.0019360011210665107,-4.581692792271497e-06,1.0,0.0,False,False
211,1,Orientation gauche,-0.4179804432950316,193.297982243424,-0.09832439571619034,-0.0011474037310108542,-0.012453236617147923,-5.10677591591957e-06,-0.0019358923891559243,2.3137822608987335e-06,1.0,0.0,False,False
212,1,Orientation gauche,-0.5798828566839365,192.71809938674008,-0.09850215911865234,-0.001147260656580329,-0.01777421124279499,4.814732619706774e-06,-0.0019359957659617066,-2.163921180908801e-06,1.0,0.0,False,False
213,3,Orientation droite,1.3244454956082052,194.0425448823483,-0.09854402393102646,-0.0011473321355879307,-0.004187993239611387,-4.618105322151678e-06,-0.0019358921563252807,2.0762847725563915e-06,1.0,0.0,False,False
214,1,Orientation gauche,-0.47628114709678715,193.5662637352515,-0.0986296683549881,-0.0011471891775727272,-0.008565043099224567,5.891948603675701e-06,-0.0019360220758244395,-2.664582552824868e-06,1.0,0.0,False,False
215,1,Orientation gauche,-0.6524705850765293,192.91379315017497,-0.09877605736255646,-0.001147260656580329,-0.014643462374806404,-4.091501068614889e-06,-0.00193593034055084,1.8535889694248908e-06,1.0,0.0,False,False
216,3,Orientation droite,1.2988804810970145,194.21267363127197,-0.09878949820995331,-0.001147260656580329,-0.0013411978725343943,6.995620651650825e-07,-0.0019359441939741373,-3.204145855306706e-07,1.0,0.0,False,False
217,1,Orientation gauche,-0.41919943861672304,193.79347419265525,-0.09884128719568253,-0.0011471175821498036,-0.005181224085390568,7.498922968807165e-06,-0.0019361278973519802,-3.384739102330059e-06,1.0,0.0,False,False
218,1,Orientation gauche,-0.5067055601524053,193.28676863250286,-0.09893979877233505,-0.0011471891775727272,-0.009849842637777328,-3.04119021166116e-06,-0.0019360609585419297,1.3653352652909234e-06,1.0,0.0,False,False
219,1,Orientation gauche,-0.6034873708988087,192.68328126160404,-0.09909410774707794,-0.001147260656580329,-0.01543046347796917,-2.0095051240787143e-06,-0.0019360188161954284,9.018003765959293e-07,1.0,0.0,False,False
220,3,Orientation droite,1.4957046571421977,194.17898591874624,-0.09909238666296005,-0.001147260656580329,0.00017256446881219745,5.03920603023289e-07,-0.0019385875202715397,-4.990123488823883e-05,1.0,0.0,False,False
221,1,Orientation gauche,-0.18898378548864223,193.9900021332576,-0.09910974651575089,-0.0011460446985438466,-0.0017561602871865034,5.1942613936262205e-05,-0.0019267206080257893,0.00023023763787932694,1.0,0.0,False,False
222,1,Orientation gauche,-0.5604162355972455,193.42958589766036,-0.09917964786291122,-0.0011460446985438466,-0.006991163827478886,6.311610718512384e-07,-0.0019267479656264186,-2.73184298293927e-07,1.0,0.0,False,False
223,1,Orientation gauche,-0.2989820246921979,193.13060387296815,-0.09927549213171005,-0.0011460446985438466,-0.009585130959749222,1.093901914828166e-06,-0.0019267629832029343,-4.876725938629534e-07,1.0,0.0,False,False
224,3,Orientation droite,0.6902117219230839,193.82081559489123,-0.09925222396850586,-0.0011460446985438466,0.0023710562381893396,-1.1930649179703323e-06,-0.0019619883969426155,-0.0006848559714853764,1.0,0.0,False,False
225,1,Orientation gauche,-0.07457736655239763,193.74623822833883,-0.09928007423877716,-0.001145329442806542,-0.002810506382957101,2.9630380595335737e-05,-0.0019403188489377499,0.000421430537244305,1.0,0.0,False,False
226,1,Orientation gauche,-0.45076751703470985,193.29547071130412,-0.09934959560632706,-0.001145329442806542,-0.006948820315301418,-2.866640329557413e-07,-0.0019403178011998534,1.2113318348383473e-07,1.0,0.0,False,False
227,1,Orientation gauche,-0.6948055220710081,192.6006651892331,-0.09948424994945526,-0.0011451863683760166,-0.013462113216519356,5.558679731620941e-06,-0.0019404313061386347,-2.4903979465307202e-06,1.0,0.0,False,False
228,3,Orientation droite,1.300884345945634,193.90154953517873,-0.09948273003101349,-0.0011454010382294655,0.00015227030962705612,-9.884529390546959e-06,-0.0019426343496888876,-4.2913459765259176e-05,1.0,0.0,False,False
229,1,Orientation gauche,-0.2981289168173713,193.60342061836135,-0.09951076656579971,-0.0011449718149378896,-0.002805347554385662,2.0174376913928427e-05,-0.0019430629909038544,-8.360751053260174e-06,1.0,0.0,False,False
230,1,Orientation gauche,-0.4986789327321748,193.1047416856292,-0.09958495944738388,-0.0011449718149378896,-0.007417993154376745,1.047311684487795e-06,-0.001943088136613369,-4.6152732124937756e-07,1.0,0.0,False,False
231,3,Orientation droite,0.4335059627724871,193.5382476484017,-0.09955797344446182,-0.0011450434103608131,0.0027688043192029,-2.7359531031834194e-06,-0.0019842025358229876,-0.0007997595821507275,1.0,0.0,False,False
232,1,Orientation gauche,-0.07675473100364691,193.46149291739803,-0.09958982467651367,-0.0011438274523243308,-0.0032280466984957457,4.724228347185999e-05,-0.001960326451808214,0.0004643578140530735,1.0,0.0,False,False
233,1,Orientation gauche,-0.37655433810294414,193.08493857929508,-0.0996561050415039,-0.0011438989313319325,-0.006627763155847788,-4.6432637645921204e-06,-0.0019602207466959953,2.093000830427627e-06,1.0,0.0,False,False
234,3,Orientation droite,0.33972302856477765,193.42466160785986,-0.09962759166955948,-0.0011438989313319325,0.0029157311655580997,-1.3556166322814533e-06,-0.0020035365596413612,-0.0008425245760008693,1.0,0.0,False,False
235,1,Orientation gauche,0.05259370689729373,193.47725531475714,-0.09964809566736221,-0.0011438274523243308,-0.0021004527807235718,4.573243131744675e-06,-0.00197237147949636,0.0006065823254175484,1.0,0.0,False,False
236,1,Orientation gauche,-0.4596814809692631,193.01757383378788,-0.09971141815185547,-0.0011437558569014072,-0.006333888974040747,2.4861262772901682e-06,-0.0019724355079233646,-1.1124845968879526e-06,1.0,0.0,False,False
237,3,Orientation droite,0.31308409578539664,193.33065792957328,-0.09968309104442596,-0.0011437558569014072,0.0028884478379040956,4.908802679892688e-07,-0.0020153585355728865,-0.0008348322589881718,1.0,0.0,False,False
238,1,Orientation gauche,-0.04303351940797093,193.2876244101653,-0.09971284866333008,-0.001143398229032755,-0.003022824414074421,1.1392132364562713e-05,-0.001981547102332115,0.0006632422446273267,1.0,0.0,False,False
239,3,Orientation droite,-0.12108316642685388,193.16654124373846,-0.09967460483312607,-0.0011433267500251532,0.00391373410820961,2.9363500289036892e-06,-0.0020397300831973553,-0.0011315756710246205,1.0,0.0,False,False
240,1,Orientation gauche,0.12661079340530648,193.29315203714378,-0.09969758987426758,-0.0011433267500251532,-0.002359658945351839,8.543017315787438e-07,-0.0020047163125127554,0.0006819305126555264,1.0,0.0,False,False
241,3,Orientation droite,-0.24654582789061294,193.04660620925318,-0.09965276718139648,-0.0011421823874115944,0.004530675243586302,4.326090493123047e-05,-0.0020437845960259438,-0.0007619234966114163,1.0,0.0,False,False
242,1,Orientation gauche,0.0728861935331502,193.11949240278634,-0.09968729317188263,-0.0011422538664191961,-0.0035197932738810778,-2.6551526843832107e-06,-0.0019914887379854918,0.0010178395314142108,1.0,0.0,False,False
243,3,Orientation droite,-0.01671012941876235,193.10278227336758,-0.09965429455041885,-0.0011423253454267979,0.0033698014449328184,-4.530316800810397e-06,-0.0020415738690644503,-0.0009736798820085824,1.0,0.0,False,False
244,1,Orientation gauche,-0.11283095033865884,192.98995132302892,-0.099695585668087,-0.0011423253454267979,-0.004219499416649342,1.042773305925948e-06,-0.001978896791115403,0.0012196714524179697,1.0,0.0,False,False
245,3,Orientation droite,0.12365042855001931,193.11360175157893,-0.0996694564819336,-0.0011423253454267979,0.0026694766711443663,-1.3784267594019184e-06,-0.0020185441244393587,-0.0007714719395153224,1.0,0.0,False,False
246,1,Orientation gauche,-0.008323438676961031,193.10527831290196,-0.09969358146190643,-0.0011421823874115944,-0.0024651549756526947,5.724984930566279e-06,-0.0019819692242890596,0.0007119712536223233,1.0,0.0,False,False
247,3,Orientation droite,-0.18900174863561212,192.91627656426635,-0.09965400397777557,-0.0011422538664191961,0.004034810699522495,-2.995393970195437e-06,-0.0020419107750058174,-0.0011659420561045408,1.0,0.0,False,False
248,1,Orientation gauche,0.04936475653488451,192.96564132080124,-0.09968595206737518,-0.0011422538664191961,-0.0032576012890785933,8.241938189712528e-07,-0.001993527403101325,0.0009415376698598266,1.0,0.0,False,False
249,3,Orientation droite,-0.06638620667293146,192.8992551141283,-0.09965028613805771,-0.0011418962385505438,0.0036145448684692383,9.817888894758653e-06,-0.002036101883277297,-0.0008357823826372623,1.0,0.0,False,False
250,1,Orientation gauche,-0.0485909316231001,192.8506641825052,-0.09968777000904083,-0.0011418962385505438,-0.00381976505741477,-3.395184933197015e-07,-0.001979327294975519,0.0011043397244066,1.0,0.0,False,False
251,3,Orientation droite,0.09897214065871587,192.9496363231639,-0.0996631607413292,-0.0011418962385505438,0.0025172275491058826,7.411086926367716e-07,-0.002016746671870351,-0.0007277982076629996,1.0,0.0,False,False
252,1,Orientation gauche,-0.13952141066593945,192.81011491249797,-0.09969882667064667,-0.0011419677175581455,-0.0036307573318481445,-3.6710252970806323e-06,-0.0019627632573246956,0.0010500072967261076,1.0,0.0,False,False
253,3,Orientation droite,0.02190439130731406,192.83201930380528,-0.09966840595006943,-0.0011418962385505438,0.003096097381785512,2.912935997301247e-06,-0.0020088008604943752,-0.0008953530341386795,1.0,0.0,False,False
254,1,Orientation gauche,0.043522993801352855,192.87554229760664,-0.09969167411327362,-0.0011419677175581455,-0.002372879534959793,-2.5282997739850543e-06,-0.0019735198002308607,0.0006862409063614905,1.0,0.0,False,False
255,3,Orientation droite,-0.1493661075292738,192.72617619007738,-0.09965686500072479,-0.001141824759542942,0.003548556938767433,7.417306278512115e-06,-0.0020263055339455605,-0.001026649959385395,1.0,0.0,False,False
256,1,Orientation gauche,-0.013467185112552044,192.71270900496484,-0.09969024360179901,-0.0011418962385505438,-0.00340041215531528,-4.357064881332917e-06,-0.0019757498521357775,0.0009834791999310255,1.0,0.0,False,False
257,3,Orientation droite,-0.042473108677586,192.67023589628724,-0.09965582191944122,-0.0011418962385505438,0.0035074446350336075,2.0163328429134708e-07,-0.0020278766751289368,-0.0010139477672055364,1.0,0.0,False,False
258,1,Orientation gauche,-0.08521672512136355,192.58501917116587,-0.09969587624073029,-0.0011419677175581455,-0.0040802196599543095,-2.917568735938403e-06,-0.001967215444892645,0.0011798557825386524,1.0,0.0,False,False
259,3,Orientation droite,0.026105462675970942,192.61112463384183,-0.09966163337230682,-0.0011418962385505438,0.003501351224258542,2.6408936264488148e-06,-0.0020192647352814674,-0.0010124349500983953,1.0,0.0,False,False
260,1,Orientation gauche,-0.017322683702887004,192.59380195013892,-0.09969482570886612,-0.0011418962385505438,-0.0033918004482984543,2.5416909466002835e-07,-0.0019688575994223356,0.0009804675355553627,1.0,0.0,False,False
261,3,Orientation droite,-0.005250523120772427,192.58855142701816,-0.09966421127319336,-0.001141824759542942,0.003128399606794119,3.853978341794573e-06,-0.002015372971072793,-0.0009047517669387162,1.0,0.0,False,False
262,1,Orientation gauche,-0.002224149346118337,192.58632727767204,-0.09969224780797958,-0.0011418962385505438,-0.002865202259272337,-4.240244834363693e-06,-0.0019727740436792374,0.0008287393720820546,1.0,0.0,False,False
263,3,Orientation droite,-0.02665051010138761,192.55967676757066,-0.09966468811035156,-0.001141824759542942,0.002817379543557763,4.244606770953396e-06,-0.0020146621391177177,-0.0008148893830366433,1.0,0.0,False,False
264,1,Orientation gauche,-0.01599463782298713,192.54368212974768,-0.0996910110116005,-0.0011418962385505438,-0.0026910111773759127,-2.035269289990538e-06,-0.0019746588077396154,0.0007781315944157541,1.0,0.0,False,False
265,3,Orientation droite,-0.18053526478050294,192.36314686496718,-0.09965000301599503,-0.0011419677175581455,0.004175321198999882,-2.9967777663841844e-06,-0.002036705380305648,-0.0012066715862601995,1.0,0.0,False,False
266,1,Orientation gauche,0.0014838632720793055,192.36463072823926,-0.09968805313110352,-0.0011419677175581455,-0.0038800642360001802,1.5409348179673543e-06,-0.0019790756050497293,0.0011214509140700102,1.0,0.0,False,False
267,3,Orientation droite,0.1274499431162124,192.49208067135547,-0.09966564178466797,-0.0011418962385505438,0.0022938884794712067,1.7148020106105832e-06,-0.0020131622441112995,-0.000663280370645225,1.0,0.0,False,False
268,1,Orientation gauche,-0.0869953121486737,192.4050853592068,-0.09969377517700195,-0.001142039312981069,-0.00287851644679904,-6.971647962927818e-06,-0.0019703463185578585,0.0008328459225594997,1.0,0.0,False,False
269,3,Orientation droite,-0.11481887500908591,192.2902664841977,-0.09965743869543076,-0.0011419677175581455,0.003707926720380783,3.076190523643163e-06,-0.0020254654809832573,-0.0010721890721470118,1.0,0.0,False,False
270,1,Orientation gauche,0.0350744776016321,192.32534096179933,-0.09968747943639755,-0.001141824759542942,-0.003072792198508978,3.131738594674971e-06,-0.001979817869141698,0.0008879260276444256,1.0,0.0,False,False
271,3,Orientation droite,-0.1228238301565063,192.20251713164282,-0.09964809566736221,-0.0011413240572437644,0.00399649515748024,1.708979471004568e-05,-0.002023708075284958,-0.0008605272741988301,1.0,0.0,False,False
272,1,Orientation gauche,-0.10248556634745462,192.10003156529535,-0.09969444572925568,-0.0011413955362513661,-0.004745598416775465,-3.5917387322115246e-06,-0.00195314921438694,0.001372490543872118,1.0,0.0,False,False
273,3,Orientation droite,0.179792633917802,192.27982419921315,-0.09966878592967987,-0.0011413955362513661,0.00263415789231658,-1.1070864047724172e-06,-0.001992316683754325,-0.0007614963687956333,1.0,0.0,False,False
274,1,Orientation gauche,-0.01212158695232965,192.26770261226082,-0.0996929183602333,-0.0011413240572437644,-0.0024679244961589575,2.7780522486864356e-06,-0.0019556391052901745,0.0007132691680453718,1.0,0.0,False,False
275,3,Orientation droite,-0.21520662367100726,192.0524959885898,-0.09965076297521591,-0.0011413240572437644,0.004298234358429909,5.730437351303408e-07,-0.0020195466931909323,-0.0012428120244294405,1.0,0.0,False,False
276,1,Orientation gauche,0.04178904323220792,192.094285031822,-0.09968595206737518,-0.0011413240572437644,-0.003598638344556093,-4.909505832983996e-07,-0.0019660640973597765,0.0010405343491584063,1.0,0.0,False,False
277,3,Orientation droite,0.04019300360001957,192.13447803542203,-0.09965772926807404,-0.0011413240572437644,0.0028821048326790333,-5.760394969911431e-07,-0.002008894458413124,-0.000833252735901624,1.0,0.0,False,False
278,1,Orientation gauche,-0.03507624070061041,192.09940179472142,-0.0996866226196289,-0.0011413955362513661,-0.002947803819552064,-3.840310455416329e-06,-0.001965060131624341,0.000852713012136519,1.0,0.0,False,False
279,3,Orientation droite,-0.05453727998998367,192.04486451473144,-0.09965553134679794,-0.0011413240572437644,0.003177032573148608,2.94396841127309e-06,-0.0020122937858104706,-0.0009188482654280961,1.0,0.0,False,False
280,1,Orientation gauche,-0.09166188831769048,191.95320262641374,-0.0996929183602333,-0.0011413955362513661,-0.003812963841482997,-2.8591107366082724e-06,-0.0019555992912501097,0.0011027507716789842,1.0,0.0,False,False
281,3,Orientation droite,-0.03250163046259111,191.92070099595114,-0.09965553134679794,-0.0011413955362513661,0.0038185962475836277,3.950505345073907e-07,-0.0020123659633100033,-0.0011040772078558803,1.0,0.0,False,False
282,1,Orientation gauche,-0.0768213446873893,191.84387965126373,-0.0996977835893631,-0.0011413240572437644,-0.004308613948523998,1.7007071164698573e-06,-0.0019483169307932258,0.0012455417308956385,1.0,0.0,False,False
283,3,Orientation droite,0.02801120102777624,191.8718908522915,-0.0996614471077919,-0.0011413240572437644,0.003709685057401657,1.3148736570656183e-06,-0.002003466710448265,-0.0010726653272286057,1.0,0.0,False,False
284,1,Orientation gauche,0.054512172195195135,191.9264030244867,-0.09968958050012589,-0.0011413955362513661,-0.002879252191632986,-3.633592768892413e-06,-0.001960643334314227,0.0008328506955876946,1.0,0.0,False,False
285,3,Orientation droite,-0.07219627403702475,191.85420675044966,-0.09965743869543076,-0.0011413240572437644,0.0032845153473317623,3.197797468601493e-06,-0.002009481191635132,-0.0009499751031398773,1.0,0.0,False,False
286,1,Orientation gauche,0.01338799430361462,191.8675947447533,-0.09968547523021698,-0.0011413955362513661,-0.002865212270990014,-3.0772391710343072e-06,-0.0019668673630803823,0.0008287702803499997,1.0,0.0,False,False
287,3,Orientation droite,-0.0071872128964105275,191.86040753185688,-0.09965982288122177,-0.0011413240572437644,0.002623724052682519,2.9340833407331957e-06,-0.0020058806985616684,-0.0007589307497255504,1.0,0.0,False,False
288,1,Orientation gauche,-0.13438885458790814,191.72601867726897,-0.09969596564769745,-0.0011413955362513661,-0.003686294425278902,-4.178215931460727e-06,-0.0019510554848238826,0.001066270051524043,1.0,0.0,False,False
289,3,Orientation droite,-0.048076452306841516,191.67794222496212,-0.0996582955121994,-0.001141180982813239,0.0038474812172353268,8.308725227834657e-06,-0.002008296549320221,-0.0011132920626550913,1.0,0.0,False,False
290,1,Orientation gauche,0.009500775104132303,191.68744300006625,-0.09969234466552734,-0.0011412524618208408,-0.003470038529485464,-4.220949904265581e-06,-0.0019566931296139956,0.0010037313913926482,1.0,0.0,False,False
291,3,Orientation droite,-0.01675552587164894,191.6706874741946,-0.09965982288122177,-0.0011412524618208408,0.0033207517117261887,-2.4665982323313074e-07,-0.0020060560200363398,-0.0009600758785381913,1.0,0.0,False,False
292,1,Orientation gauche,-0.03555781196058724,191.63512966223402,-0.09969310462474823,-0.0011413240572437644,-0.0033935171086341143,-3.0528415209118975e-06,-0.001955585554242134,0.0009815061930567026,1.0,0.0,False,False
293,3,Orientation droite,-0.0888528700906874,191.54627679214335,-0.09965429455041885,-0.001141180982813239,0.003961945418268442,4.883901056018658e-06,-0.0020144979935139418,-0.0011460206005722284,1.0,0.0,False,False
294,1,Orientation gauche,-0.00012632765565598336,191.54615046448768,-0.09969034045934677,-0.001141180982813239,-0.003681876929476857,1.0297110293322476e-06,-0.0019597860518842936,0.001064429059624672,1.0,0.0,False,False
295,3,Orientation droite,0.04540342776562881,191.5915538922533,-0.0996619239449501,-0.0011412524618208408,0.0029129984322935343,-3.921943971363362e-06,-0.0020030445884913206,-0.000841773406136781,1.0,0.0,False,False
296,1,Orientation gauche,-0.11477278684756406,191.47678110540573,-0.09969892352819443,-0.0011412524618208408,-0.0037799186538904905,-2.120616642287132e-07,-0.0019468546379357576,0.0010928695555776358,1.0,0.0,False,False
297,3,Orientation droite,-0.045606714710131085,191.43117439069562,-0.0996604934334755,-0.001141180982813239,0.003916185349225998,3.3127751066786004e-06,-0.002005085116252303,-0.0011326416861265898,1.0,0.0,False,False
298,1,Orientation gauche,0.12773238270504386,191.55890677340065,-0.099683478474617,-0.0011411095038056374,-0.0023508179001510143,2.280666421938804e-06,-0.0019701477140188217,0.0006794476648792624,1.0,0.0,False,False
299,3,Orientation droite,-0.07108615228700252,191.48782062111366,-0.09965667873620987,-0.001141180982813239,0.0027476411778479815,-3.6992582863604184e-06,-0.002010980388149619,-0.0007940231007523835,1.0,0.0,False,False
300,1,Orientation gauche,-0.05675706164917102,191.4310635594645,-0.09968633949756622,-0.0011411095038056374,-0.003030630061402917,1.0402921901686568e-07,-0.0019659081008285284,0.0008762512588873506,1.0,0.0,False,False
301,3,Orientation droite,-0.07376026511318187,191.3573032943513,-0.0996524840593338,-0.0011411095038056374,0.0034507799427956343,-4.973601903657254e-07,-0.002017213962972164,-0.000997678842395544,1.0,0.0,False,False
302,1,Orientation gauche,-0.03319017263991306,191.3241131217114,-0.09968681633472443,-0.0011411095038056374,-0.003500382648780942,-3.801459911301208e-07,-0.0019651830662041903,0.001012148568406701,1.0,0.0,False,False
303,3,Orientation droite,0.07009743945724914,191.39421056116865,-0.09966249763965607,-0.0011410379083827138,0.0024867441970854998,2.941661932709394e-06,-0.0020021633245050907,-0.0007193076307885349,1.0,0.0,False,False
304,1,Orientation gauche,-0.07893081565344559,191.3152797455152,-0.09969177097082138,-0.0011410379083827138,-0.002991247223690152,2.390933104834403e-07,-0.001957694301381707,0.0008648449438624084,1.0,0.0,False,False
305,3,Orientation droite,-0.11087602942052108,191.20440371609467,-0.09965477138757706,-0.0011411095038056374,0.003780823200941086,-3.1747981665830594e-06,-0.0020138765685260296,-0.0010927632683888078,1.0,0.0,False,False
306,1,Orientation gauche,0.025946586564635582,191.2303503026593,-0.09968652576208115,-0.001141180982813239,-0.003237750381231308,-2.036457544818404e-06,-0.001965728122740984,0.0009363933349959552,1.0,0.0,False,False
307,3,Orientation droite,0.055871873724704174,191.286222176384,-0.09966345131397247,-0.0011410379083827138,0.0023668825160712004,7.526424269599374e-06,-0.00200094492174685,-0.0006851613288745284,1.0,0.0,False,False
308,1,Orientation gauche,-0.12949334307127167,191.15672883331274,-0.09969644248485565,-0.0011411095038056374,-0.0033790781162679195,-3.5281905184092466e-06,-0.0019506970420479774,0.0009773987112566829,1.0,0.0,False,False
309,3,Orientation droite,-0.09553613766927135,191.06119269564346,-0.09965715557336807,-0.001141180982813239,0.004014069214463234,-1.738132141326787e-06,-0.002010356867685914,-0.0011604167520999908,1.0,0.0,False,False
310,1,Orientation gauche,0.022342109412359507,191.08353480505582,-0.0996914878487587,-0.0011411095038056374,-0.0035084530245512724,2.5927356546162628e-06,-0.0019582221284508705,0.0010141197126358747,1.0,0.0,False,False
311,3,Orientation droite,0.01995632454837562,191.1034911296042,-0.09966220706701279,-0.001141180982813239,0.002993682399392128,-4.2499173105170485e-06,-0.002002702560275793,-0.0008651181124150753,1.0,0.0,False,False
312,1,Orientation gauche,-0.02800424505246532,191.07548688455174,-0.09969139099121094,-0.001141180982813239,-0.002988985972478986,-1.0200989208897226e-06,-0.0019582638051360846,0.0008643248002044857,1.0,0.0,False,False
313,3,Orientation droite,-0.03171442728987792,191.04377245726187,-0.09966211020946503,-0.0011411095038056374,0.0029909098520874977,4.737667040899396e-06,-0.0020027572754770517,-0.0008652766118757427,1.0,0.0,False,False
314,1,Orientation gauche,-0.04235860293716939,191.0014138543247,-0.09969272464513779,-0.001141180982813239,-0.0031304298900067806,-3.2327327517123194e-06,-0.0019562134984880686,0.000905462889932096,1.0,0.0,False,False
315,3,Orientation droite,-0.049695900421531575,190.95171795390317,-0.09966029971837997,-0.0011410379083827138,0.0033105704933404922,5.818269528390374e-06,-0.0020054529886692762,-0.0009578365716151893,1.0,0.0,False,False
316,1,Orientation gauche,0.0030825170699426974,190.9548004709731,-0.09968958050012589,-0.001141180982813239,-0.0029950181487947702,-5.648456863127649e-06,-0.001960902474820614,0.0008665816858410835,1.0,0.0,False,False
317,3,Orientation droite,-0.10542460729446354,190.84937586367866,-0.09965305030345917,-0.0011411095038056374,0.0037303068675100803,4.627775524568278e-06,-0.0020163864828646183,-0.001079065608792007,1.0,0.0,False,False
318,1,Orientation gauche,-0.1107124520636826,190.73866341161497,-0.09969758987426758,-0.001141180982813239,-0.0045607080683112144,-4.3394520616857335e-06,-0.0019485758384689689,0.0013191149337217212,1.0,0.0,False,False
319,3,Orientation droite,0.10194603622806866,190.84060944784304,-0.09966602176427841,-0.0011410379083827138,0.003224822459742427,4.842038379138103e-06,-0.001996565843001008,-0.0009329199674539268,1.0,0.0,False,False
320,1,Orientation gauche,-0.023616880628149345,190.8169925672149,-0.09969711303710938,-0.001141180982813239,-0.003177150385454297,-5.800132839794969e-06,-0.0019493157742545009,0.0009192533907480538,1.0,0.0,False,False
321,3,Orientation droite,-0.12610901662352766,190.69088355059137,-0.09965677559375763,-0.0011411095038056374,0.004117367323487997,1.6585817093073274e-06,-0.002010532421991229,-0.0011906332802027464,1.0,0.0,False,False
322,1,Orientation gauche,0.10060576901206211,190.79148931960341,-0.09968433529138565,-0.0011411095038056374,-0.002825740724802017,4.0756131625130365e-07,-0.0019685423467308283,0.0008169772918336093,1.0,0.0,False,False
323,3,Orientation droite,-0.12223726480277605,190.66925205480064,-0.09964780509471893,-0.0011411095038056374,0.003729194402694702,7.204022978157809e-08,-0.0020239846780896187,-0.0010782198514789343,1.0,0.0,False,False
324,1,Orientation gauche,-0.12500717024095806,190.54424488455967,-0.09969377517700195,-0.0011411095038056374,-0.004703203681856394,2.6171619538217783e-07,-0.0019540830980986357,0.0013597976649180055,1.0,0.0,False,False
325,3,Orientation droite,0.1798175313875874,190.72406241594726,-0.09966840595006943,-0.0011410379083827138,0.0025918236933648586,4.234279913362116e-06,-0.001992651028558612,-0.0007498192717321217,1.0,0.0,False,False
326,1,Orientation gauche,-0.014708593281872878,190.70935382266538,-0.09969234466552734,-0.0011411095038056374,-0.0024514219257980585,-2.4262476472358685e-06,-0.0019562046509236097,0.0007090486469678581,1.0,0.0,False,False
327,3,Orientation droite,-0.2342602482611624,190.4750935744042,-0.09964866936206818,-0.0011410379083827138,0.004471227061003447,4.192584128759336e-06,-0.002022677334025502,-0.0012932077515870333,1.0,0.0,False,False
328,1,Orientation gauche,0.05706433089798438,190.5321579053022,-0.09968404471874237,-0.0011411095038056374,-0.003619029652327299,-4.052579697599867e-06,-0.001968851312994957,0.0010468336986377835,1.0,0.0,False,False
329,3,Orientation droite,0.09290722165579382,190.625065126958,-0.09966087341308594,-0.0011411095038056374,0.0023777862079441547,9.693501397123327e-07,-0.0020041975658386946,-0.0006875867256894708,1.0,0.0,False,False
330,1,Orientation gauche,-0.23236296515364316,190.39270216180435,-0.09970426559448242,-0.001140966429375112,-0.004418252035975456,-1.3317563798409537e-06,-0.0019439735915511847,0.0011845031986013055,1.0,0.0,False,False
331,3,Orientation droite,0.001419451246600617,190.39412161305094,-0.09966421127319336,-0.0011408233549445868,0.0040833605453372,5.281825906422455e-06,-0.002004720503464341,-0.0011814218014478683,1.0,0.0,False,False
332,1,Orientation gauche,0.1433750821286879,190.53749669517964,-0.09968729317188263,-0.0011408233549445868,-0.002361628692597151,3.0856219268571294e-07,-0.0019696278031915426,0.0006829247577115893,1.0,0.0,False,False
333,3,Orientation droite,-0.05192741016875921,190.48556928501088,-0.09966220706701279,-0.0011408948339521885,0.0025678141973912716,-1.6977772929749335e-06,-0.0020077950321137905,-0.0007423922070302069,1.0,0.0,False,False
334,1,Orientation gauche,-0.07528536949728945,190.4102839155136,-0.09969186782836914,-0.001140966429375112,-0.0030361537355929613,-2.4507992293365533e-06,-0.001962650567293167,0.0008783072116784751,1.0,0.0,False,False
335,3,Orientation droite,-0.03302749990043516,190.37725641561315,-0.09966202080249786,-0.001140966429375112,0.003050904255360365,1.6775015865277965e-06,-0.0020080236718058586,-0.000882408581674099,1.0,0.0,False,False
336,1,Orientation gauche,-0.018175023560575737,190.35908139205256,-0.09969091415405273,-0.0011408948339521885,-0.0029475658666342497,1.7980690927288379e-06,-0.0019642184488475323,0.0008521574782207608,1.0,0.0,False,False
337,3,Orientation droite,-0.06386027864042873,190.29522111341214,-0.09965886920690536,-0.0011408948339521885,0.003269603941589594,8.136519227264216e-07,-0.0020128251053392887,-0.0009455379331484437,1.0,0.0,False,False
338,1,Orientation gauche,-0.0709066383832073,190.22431447502893,-0.0996951088309288,-0.0011408948339521885,-0.0036973871756345034,5.40891790024034e-07,-0.0019578710198402405,0.0010691137285903096,1.0,0.0,False,False
339,3,Orientation droite,-0.03564186599544314,190.1886726090335,-0.09965848922729492,-0.001140966429375112,0.0037349178455770016,-4.054199962411076e-06,-0.002013374585658312,-0.0010795609559863806,1.0,0.0,False,False
340,1,Orientation gauche,-0.00199674752241627,190.18667586151108,-0.0996924415230751,-0.0011408948339521885,-0.0034725305158644915,3.811188889812911e-06,-0.0019617818761616945,0.001003757817670703,1.0,0.0,False,False
341,3,Orientation droite,-0.08285963484309164,190.103816226668,-0.09965352714061737,-0.0011408948339521885,0.003980851266533136,3.477432244380907e-07,-0.002020966960117221,-0.0011511959601193666,1.0,0.0,False,False
342,1,Orientation gauche,-0.019154516835442975,190.08466170983255,-0.09969167411327362,-0.0011408948339521885,-0.0038921008817851543,-1.3744842135565705e-06,-0.0019631176255643368,0.0011255997233092785,1.0,0.0,False,False
343,3,Orientation droite,0.03068713548239657,190.11534884531494,-0.09965963661670685,-0.001140966429375112,0.0032687014900147915,-2.3046111436997307e-06,-0.0020116856321692467,-0.0009448896162211895,1.0,0.0,False,False
344,1,Orientation gauche,-0.03063857285769231,190.08471027245724,-0.09969177097082138,-0.001140966429375112,-0.003291882574558258,5.901534336771874e-07,-0.0019627544097602367,0.0009518123115412891,1.0,0.0,False,False
345,3,Orientation droite,-0.11846275489809763,189.96624751755914,-0.09965105354785919,-0.0011408948339521885,0.004155433736741543,4.415995590534294e-06,-0.0020245483610779047,-0.0012019870337098837,1.0,0.0,False,False
346,1,Orientation gauche,-0.031755479072075515,189.93449203848706,-0.09969215095043182,-0.0011408948339521885,-0.004194230772554874,-7.578642566841154e-07,-0.0019622077234089375,0.0012128788512200117,1.0,0.0,False,False
347,3,Orientation droite,0.13833031059198334,190.07282234907905,-0.0996677428483963,-0.0011410379083827138,0.0024982332251966,-5.868531388841802e-06,-0.001999306259676814,-0.0007217376260086894,1.0,0.0,False,False
348,1,Orientation gauche,-0.0689619110965338,190.00386043798252,-0.09969615936279297,-0.001140966429375112,-0.002902564126998186,4.6000018301128875e-06,-0.001956180902197957,0.0008387579582631588,1.0,0.0,False,False
349,3,Orientation droite,-0.06324165019313341,189.9406187877894,-0.0996645912528038,-0.0011408948339521885,0.003218678291887045,2.4164032765838783e-06,-0.00200405134819448,-0.0009309273445978761,1.0,0.0,False,False
350,1,Orientation gauche,0.02454869017970232,189.9651674779691,-0.09969091415405273,-0.001140966429375112,-0.002686834428459406,-4.271191301086219e-06,-0.001964085502550006,0.0007773594697937369,1.0,0.0,False,False
351,3,Orientation droite,-0.047616963685792796,189.9175505142833,-0.09966297447681427,-0.0011408948339521885,0.0028485762886703014,4.1309549487777986e-06,-0.002006455324590206,-0.0008240932365879416,1.0,0.0,False,False
352,1,Orientation gauche,-0.00853331926744147,189.90901719501588,-0.09968890994787216,-0.001140966429375112,-0.0026473370380699635,-1.765870592862484e-06,-0.0019670911133289337,0.0007656416855752468,1.0,0.0,False,False
353,3,Orientation droite,-0.18942363658177072,189.7195935584341,-0.09964732825756073,-0.0011406802805140615,0.004229084588587284,5.425873496278655e-06,-0.002021157881245017,-0.0010623185662552714,1.0,0.0,False,False
354,1,Orientation gauche,0.08236503279780408,189.8019585912319,-0.09967784583568573,-0.0011406088015064597,-0.0031213099136948586,1.1035905345124775e-06,-0.0019747705664485693,0.0009025916224345565,1.0,0.0,False,False
355,3,Orientation droite,0.035692002867765,189.83765059409967,-0.09965391457080841,-0.0011406088015064597,0.0024518719874322414,2.7599307372838666e-07,-0.0020112243946641684,-0.0007091619772836566,1.0,0.0,False,False
356,1,Orientation gauche,-0.1487503007337245,189.68890029336595,-0.09968976676464081,-0.0011406088015064597,-0.003657922148704529,-1.1154455705764121e-06,-0.001956821186468005,0.0010580569505691528,1.0,0.0,False,False
357,3,Orientation droite,-0.005274204359923401,189.68362608900603,-0.09965648502111435,-0.0011406088015064597,0.003393497783690691,-7.276069027284393e-07,-0.0020072688348591328,-0.00098134926520288,1.0,0.0,False,False
358,1,Orientation gauche,0.0007058491276883683,189.6843319381337,-0.09968681633472443,-0.0011405372060835361,-0.0031022282782942057,-5.369690825318685e-07,-0.0019611557945609093,0.0008972279611043632,1.0,0.0,False,False
359,3,Orientation droite,0.003207998349782387,189.6875399364835,-0.09965991973876953,-0.0011404657270759344,0.0027560375165194273,4.129106855543796e-06,-0.0020021561067551374,-0.0007974819163791835,1.0,0.0,False,False
360,1,Orientation gauche,-0.04146223306637495,189.64607770341712,-0.09968814998865128,-0.0011405372060835361,-0.0028853551484644413,-2.0302070424804697e-06,-0.001959235407412052,0.0008346891845576465,1.0,0.0,False,False
361,3,Orientation droite,-0.015722837270815332,189.6303548661463,-0.0996614471077919,-0.0011406088015064597,0.0027287292759865522,-2.933999894594308e-06,-0.001999789150431752,-0.0007888631662353873,1.0,0.0,False,False
362,1,Orientation gauche,-0.14323800296812436,189.48711686317816,-0.09969949722290039,-0.0011406088015064597,-0.003880758536979556,-6.947307724658458e-07,-0.0019420923199504614,0.001122419023886323,1.0,0.0,False,False
363,3,Orientation droite,0.038869023442385214,189.52598588662053,-0.09966840595006943,-0.0011406088015064597,0.003175947116687894,-8.537273856745742e-07,-0.0019893012940883636,-0.0009183973306789994,1.0,0.0,False,False
364,1,Orientation gauche,0.020831734282471787,189.546817620903,-0.0996946319937706,-0.0011406088015064597,-0.00268128071911633,-7.922814688754443e-07,-0.001949426019564271,0.0007755312253721058,1.0,0.0,False,False
365,3,Orientation droite,-0.07551664745154937,189.47130097345146,-0.0996641144156456,-0.0011405372060835361,0.003120546229183674,2.7908754418604076e-06,-0.001995842205360532,-0.0009027897613123059,1.0,0.0,False,False
366,1,Orientation gauche,-0.005586585985986686,189.46571438746548,-0.09969234466552734,-0.0011405372060835361,-0.002891178708523512,9.342955422653176e-07,-0.0019528496777638793,0.0008360220235772431,1.0,0.0,False,False
367,3,Orientation droite,-0.1375924326278468,189.32812195483763,-0.09965372085571289,-0.0011405372060835361,0.003947025164961815,9.424979339200945e-07,-0.002011548960581422,-0.0011415778426453471,1.0,0.0,False,False
368,1,Orientation gauche,-0.0655124316210329,189.26260952321658,-0.09969606250524521,-0.0011405372060835361,-0.004324098117649555,1.5622936189174652e-07,-0.0019472598796710372,0.0012505854247137904,1.0,0.0,False,False
369,3,Orientation droite,0.055526454956857735,189.31813597817344,-0.09966220706701279,-0.0011404657270759344,0.003451357828453183,2.6104330572707113e-06,-0.0019985889084637165,-0.0009984641801565886,1.0,0.0,False,False
370,1,Orientation gauche,-0.01466530016531628,189.30347067800813,-0.09969472885131836,-0.0011406088015064597,-0.00331481103785336,-7.393108262476744e-06,-0.0019492616411298513,0.0009594702278263867,1.0,0.0,False,False
371,3,Orientation droite,-0.1390250150196823,189.16444566298844,-0.09965181350708008,-0.0011403942480683327,0.00438276119530201,8.85601002664771e-06,-0.0020144758746027946,-0.0012684669345617294,1.0,0.0,False,False
372,1,Orientation gauche,0.01857235457387077,189.18301801756232,-0.09969024360179901,-0.0011404657270759344,-0.00391686987131834,-3.8137843603180954e-06,-0.0019562195520848036,0.0011332100257277489,1.0,0.0,False,False
373,3,Orientation droite,0.0321472496200024,189.21516526718233,-0.09965810924768448,-0.0011403942480683327,0.003278761636465788,2.8735826163028833e-06,-0.00200499314814806,-0.0009485636837780476,1.0,0.0,False,False
374,1,Orientation gauche,-0.08218886190899674,189.13297640527333,-0.099695585668087,-0.0011406088015064597,-0.0038200162816792727,-8.302557944261935e-06,-0.0019481400959193707,0.001105675706639886,1.0,0.0,False,False
375,3,Orientation droite,0.06080649042998523,189.19378289570332,-0.0996672660112381,-0.0011405372060835361,0.002897175494581461,4.7376088332384825e-06,-0.001991244265809655,-0.0008384121465496719,1.0,0.0,False,False
376,1,Orientation gauche,-0.11875981968776436,189.07502307601555,-0.0997045487165451,-0.0011403942480683327,-0.0037979341577738523,1.4404031389858574e-06,-0.0019408026710152626,0.0009916691342368722,1.0,0.0,False,False
377,3,Orientation droite,0.01031896544139535,189.08534204145695,-0.09967155754566193,-0.0011402511736378074,0.0033774946350604296,4.945329692418454e-06,-0.001991045894101262,-0.0009775118669494987,1.0,0.0,False,False
378,1,Orientation gauche,0.050893949400477895,189.13623599085744,-0.09969673305749893,-0.001140322652645409,-0.002581781940534711,-2.4612745619378984e-06,-0.001952645368874073,0.0007470973650924861,1.0,0.0,False,False
379,3,Orientation droite,-0.21860696758987494,188.91762902326758,-0.09965334087610245,-0.0011401795782148838,0.004445119760930538,5.197236987442011e-06,-0.002018766477704048,-0.0012863781303167343,1.0,0.0,False,False
380,1,Orientation gauche,-0.0022686926137136243,188.91536033065387,-0.09969444572925568,-0.0011402511736378074,-0.004189013969153166,-2.295919784955913e-06,-0.0019564598333090544,0.0012119518360123038,1.0,0.0,False,False
381,3,Orientation droite,0.11223762083944891,189.0275979514933,-0.09966745227575302,-0.001140322652645409,0.0027527078054845333,-2.9755080959148472e-06,-0.0019973753951489925,-0.000795897445641458,1.0,0.0,False,False
382,1,Orientation gauche,-0.17157960622952714,188.85601834526378,-0.09970865398645401,-0.0011396073969081044,-0.0041648019105196,2.5174860638799146e-05,-0.0019598149228841066,0.0007333313697017729,1.0,0.0,False,False
383,3,Orientation droite,0.06443718177153748,188.9204555270353,-0.09967727959156036,-0.0011396073969081044,0.0032042108941823244,8.737275720704929e-07,-0.002007483970373869,-0.0009271362796425819,1.0,0.0,False,False
384,1,Orientation gauche,0.0035768949751322776,188.92403242201044,-0.09970550239086151,-0.0011396073969081044,-0.0028830599039793015,1.1437120974733261e-06,-0.001964638940989971,0.0008339876076206565,1.0,0.0,False,False
385,3,Orientation droite,-0.11881360105819525,188.80521882095223,-0.09966878592967987,-0.0011396073969081044,0.0037520849145948887,1.442412553842587e-06,-0.0020204640459269285,-0.0010856423759832978,1.0,0.0,False,False
386,1,Orientation gauche,-0.025634909977015424,188.77958391097522,-0.09970531612634659,-0.0011395359179005027,-0.0037273105699568987,3.1625943393009948e-06,-0.0019650638569146395,0.0010779716540127993,1.0,0.0,False,False
387,3,Orientation droite,0.009706124124007759,188.7892900350992,-0.09967289119958878,-0.0011396073969081044,0.0033134263940155506,-3.3577971407794394e-06,-0.0020143084693700075,-0.0009581642225384712,1.0,0.0,False,False
388,1,Orientation gauche,0.03619928881695536,188.82548932391617,-0.09969892352819443,-0.001139678992331028,-0.0026650303043425083,-3.469076773399138e-06,-0.001974676502868533,0.000771373393945396,1.0,0.0,False,False
389,3,Orientation droite,-0.17460266661286702,188.65088665730332,-0.0996587723493576,-0.0011394643224775791,0.0040903240442276,7.952724445203785e-06,-0.002035553567111492,-0.0011841104133054614,1.0,0.0,False,False
390,1,Orientation gauche,-0.059938822310544565,188.59094783499276,-0.09970197826623917,-0.0011394643224775791,-0.004412120208144188,-5.62265654480143e-07,-0.0019699546974152327,0.001276430324651301,1.0,0.0,False,False
391,3,Orientation droite,0.08422280573301791,188.67517064072578,-0.09967012703418732,-0.0011394643224775791,0.003253350732848048,1.385216705784842e-06,-0.0020183464512228966,-0.00094124412862584,1.0,0.0,False,False
392,1,Orientation gauche,-0.02596953782720554,188.6492011028986,-0.09970178455114365,-0.0011395359179005027,-0.0032294192351400852,-4.2492001739447005e-06,-0.001970310229808092,0.0009346276638098061,1.0,0.0,False,False
393,3,Orientation droite,-0.12615260793825442,188.52304849496034,-0.0996609702706337,-0.0011395359179005027,0.004169748164713383,6.502111205008987e-07,-0.0020323244389146566,-0.0012062644818797708,1.0,0.0,False,False
394,1,Orientation gauche,0.033466996351367656,188.5565154913117,-0.09969577938318253,-0.0011396073969081044,-0.0035531192552298307,-2.9718999030592386e-06,-0.001979474676772952,0.0010281186550855637,1.0,0.0,False,False
395,3,Orientation droite,0.05138938129217266,188.60790487260388,-0.09966917335987091,-0.0011395359179005027,0.0027252878062427044,2.7763885555032175e-06,-0.0020200188737362623,-0.0007886379025876522,1.0,0.0,False,False
396,1,Orientation gauche,-0.08088171341446213,188.5270231591894,-0.099700927734375,-0.001139678992331028,-0.003250712063163519,-4.8146271183213685e-06,-0.0019716524984687567,0.0009408277692273259,1.0,0.0,False,False
397,3,Orientation droite,-0.08403406426926338,188.44298909492014,-0.09966392815113068,-0.0011394643224775791,0.0037719078827649355,8.71620522957528e-06,-0.0020277935545891523,-0.0010919717606157064,1.0,0.0,False,False
398,1,Orientation gauche,-0.048524446245441694,188.3944646486747,-0.09970293194055557,-0.0011396073969081044,-0.003977322019636631,-5.034227797295898e-06,-0.0019686261657625437,0.0011510095791891217,1.0,0.0,False,False
399,3,Orientation droite,0.07833449105420456,188.4727991397289,-0.09967479854822159,-0.0011395359179005027,0.0028792789671570063,1.7713038005240378e-06,-0.0020114595536142588,-0.0008330258424393833,1.0,0.0,False,False
400,1,Orientation gauche,-0.018890199810986913,188.4539089399179,-0.09970197826623917,-0.0011395359179005027,-0.0027823862619698048,-1.1836654039143468e-06,-0.0019700764678418636,0.0008049501338973641,1.0,0.0,False,False
401,3,Orientation droite,-0.18344526049009133,188.27046367942782,-0.09965991973876953,-0.0011394643224775791,0.00429500313475728,3.1454464988200925e-06,-0.0020339665934443474,-0.0012426839675754309,1.0,0.0,False,False
402,1,Orientation gauche,0.008896388205362343,188.27936006763318,-0.09969844669103622,-0.0011394643224775791,-0.003925892058759928,-6.122073159531283e-07,-0.0019755889661610126,0.0011356911854818463,1.0,0.0,False,False
403,3,Orientation droite,0.02668449696379696,188.306044564597,-0.09966573864221573,-0.0011395359179005027,0.003342070383951068,-2.5286101390520344e-06,-0.002025272697210312,-0.0009664178942330182,1.0,0.0,False,False
404,1,Orientation gauche,-0.007142159163415512,188.29890240543358,-0.09969635307788849,-0.0011394643224775791,-0.003129397053271532,3.2886061944736866e-06,-0.001978756859898567,0.0009048079955391586,1.0,0.0,False,False
405,3,Orientation droite,-0.04965508507078262,188.2492473203628,-0.09966392815113068,-0.0011394643224775791,0.0033091686200350523,-5.54056384771684e-07,-0.002027960494160652,-0.0009571191039867699,1.0,0.0,False,False
406,1,Orientation gauche,-0.017930313019182548,188.23131700734362,-0.09969530254602432,-0.0011394643224775791,-0.0032047443091869354,1.0180451681662817e-06,-0.0019803140312433243,0.000926848326344043,1.0,0.0,False,False
407,3,Orientation droite,-0.10644083994896356,188.12487616739466,-0.09965667873620987,-0.0011394643224775791,0.003949048463255167,-7.822425800441124e-07,-0.0020390397403389215,-0.0011421669041737914,1.0,0.0,False,False
408,1,Orientation gauche,-0.08067094993134624,188.04420521746331,-0.0997004508972168,-0.0011394643224775791,-0.004478567745536566,5.474255999615707e-07,-0.0019724590238183737,0.0012953600380569696,1.0,0.0,False,False
409,3,Orientation droite,0.1658843502247447,188.21008956768807,-0.09967584908008575,-0.0011395359179005027,0.0025070449337363243,-4.205425739201019e-06,-0.002009737305343151,-0.0007247098837979138,1.0,0.0,False,False
410,1,Orientation gauche,-0.011311149505668111,188.1987784181824,-0.0996987372636795,-0.0011394643224775791,-0.0023319360334426165,3.338723445267533e-06,-0.0019750730134546757,0.0006741260876879096,1.0,0.0,False,False
411,3,Orientation droite,-0.1779154842935504,188.02086293388885,-0.09966154396533966,-0.0011395359179005027,0.003791898488998413,-2.9092257136653643e-06,-0.0020314566791057587,-0.0010964471148326993,1.0,0.0,False,False
412,1,Orientation gauche,-0.03421844165112972,187.98664449223773,-0.09969930350780487,-0.0011395359179005027,-0.0038536139763891697,-1.2569386171890073e-06,-0.0019741635769605637,0.0011147718178108335,1.0,0.0,False,False
413,3,Orientation droite,-0.006974623158076482,187.97966986907966,-0.09966392815113068,-0.0011395359179005027,0.00360513711348176,4.962572006661503e-07,-0.0020277658477425575,-0.001042805495671928,1.0,0.0,False,False
414,1,Orientation gauche,0.06188110190463128,188.04155097098428,-0.09969034045934677,-0.0011394643224775791,-0.0027000331319868565,3.0898788736521965e-06,-0.001987642841413617,0.000780641392339021,1.0,0.0,False,False
415,3,Orientation droite,-0.002348062301982451,188.03920290868228,-0.0996667891740799,-0.0011393928434699774,0.002411202061921358,3.181481815772713e-06,-0.0020235092379152775,-0.0006977658485993743,1.0,0.0,False,False
416,1,Orientation gauche,-0.13898683857097602,187.9002160701113,-0.09970121085643768,-0.0011395359179005027,-0.003519020974636078,-7.757599632896017e-06,-0.0019711251370608807,0.0010186951840296388,1.0,0.0,False,False
417,3,Orientation droite,-0.1350053695051414,187.76521070060616,-0.09965686500072479,-0.0011393928434699774,0.004545789211988449,6.100969130784506e-06,-0.002038759645074606,-0.0013155025662854314,1.0,0.0,False,False
418,1,Orientation gauche,0.03386883077979455,187.79907953138596,-0.09969530254602432,-0.0011395359179005027,-0.003927110228687525,-5.501587565959198e-06,-0.0019803184550255537,0.001136473030783236,1.0,0.0,False,False
419,3,Orientation droite,-0.013111345329636065,187.78596818605632,-0.09965868294239044,-0.0011393928434699774,0.0037392061203718185,6.611372100451263e-06,-0.0020359542686492205,-0.0010822259355336428,1.0,0.0,False,False
420,1,Orientation gauche,-0.08224567028197491,187.70372251577436,-0.09970073401927948,-0.0011395359179005027,-0.004283329471945763,-6.112747996667167e-06,-0.0019722331780940294,0.0012395879020914435,1.0,0.0,False,False
421,3,Orientation droite,-0.007669926082350925,187.69605258969202,-0.09966106712818146,-0.0011393928434699774,0.004039607010781765,5.986663836665684e-06,-0.0020323265343904495,-0.0011690419632941484,1.0,0.0,False,False
422,1,Orientation gauche,-0.012834284450444072,187.68321830524158,-0.09969921410083771,-0.0011393928434699774,-0.003887630533427,-1.5259108749887673e-06,-0.001974505605176091,0.0011246124049648643,1.0,0.0,False,False
423,3,Orientation droite,0.04082858797055813,187.72404689321215,-0.0996682196855545,-0.0011393928434699774,0.003163314890116453,-1.1524491583259078e-06,-0.002021527849137783,-0.000914839911274612,1.0,0.0,False,False
424,1,Orientation gauche,0.0251380450386727,187.7491849382508,-0.09969387203454971,-0.0011393213644623756,-0.0026253119576722383,1.8525698806115543e-06,-0.0019824986811727285,0.0007591214380227029,1.0,0.0,False,False
425,3,Orientation droite,-0.12411994911511989,187.6250649891357,-0.09965906292200089,-0.0011393928434699774,0.00354856438934803,-4.333321157901082e-06,-0.002035249723121524,-0.0010259320260956883,1.0,0.0,False,False
426,1,Orientation gauche,-0.07986846815444501,187.54519652098125,-0.09969902038574219,-0.0011394643224775791,-0.004067798610776663,-1.7744027900334913e-06,-0.001974745187908411,0.0011767729884013534,1.0,0.0,False,False
427,3,Orientation droite,0.1094998613821663,187.65469638236343,-0.09967298805713654,-0.0011393213644623756,0.002659238874912262,6.310267508524703e-06,-0.0020143345464020967,-0.0007698297849856317,1.0,0.0,False,False
428,1,Orientation gauche,-0.11248951558657502,187.54220686677684,-0.0997072234749794,-0.0011394643224775791,-0.003502011764794588,-7.386275228782324e-06,-0.0019622202962636948,0.001013722736388445,1.0,0.0,False,False
429,3,Orientation droite,-0.12014560066373,187.4220612661131,-0.09966440498828888,-0.001139249769039452,0.004381105303764343,9.479167601966765e-06,-0.0020273998379707336,-0.0012681932421401143,1.0,0.0,False,False
430,1,Orientation gauche,0.015977921053527383,187.43803918716662,-0.09970302879810333,-0.0011393213644623756,-0.003941349219530821,-3.658766217995435e-06,-0.001968763070181012,0.0011403880780562758,1.0,0.0,False,False
431,3,Orientation droite,-0.015700169100715228,187.4223390180659,-0.09966602176427841,-0.0011393928434699774,0.0037791666109114885,-2.1969522094877902e-06,-0.0020249478984624147,-0.0010928675765171647,1.0,0.0,False,False
432,1,Orientation gauche,0.0693394321804626,187.49167845024638,-0.09969349205493927,-0.0011393213644623756,-0.0027999214362353086,4.05875744036166e-06,-0.001983333146199584,0.0008094445802271366,1.0,0.0,False,False
433,3,Orientation droite,-0.0659477266428172,187.42573072360358,-0.09966268390417099,-0.001139249769039452,0.0031434334814548492,2.29808802032494e-06,-0.002030103001743555,-0.0009094806155189872,1.0,0.0,False,False
434,1,Orientation gauche,-0.03160921338910036,187.3941215102145,-0.09969377517700195,-0.0011393928434699774,-0.0031756882090121508,-6.330069027171703e-06,-0.001982845598831773,0.0009192377328872681,1.0,0.0,False,False
435,3,Orientation droite,-0.0785538728199586,187.31556763739454,-0.09965801239013672,-0.001139249769039452,0.0036428007297217846,5.7430997912888415e-06,-0.002037035534158349,-0.0010542154777795076,1.0,0.0,False,False
436,1,Orientation gauche,-0.03280684890904048,187.2827607884855,-0.09969425201416016,-0.0011393928434699774,-0.003689530771225691,-7.159062988648657e-06,-0.0019821326714009047,0.0010679461993277073,1.0,0.0,False,False
437,3,Orientation droite,0.09515496151019967,187.37791574999568,-0.09967050701379776,-0.001139249769039452,0.0024256459437310696,5.514846179721644e-06,-0.002018215134739876,-0.0007021759520284832,1.0,0.0,False,False
438,1,Orientation gauche,-0.1546438395352385,187.22327191046045,-0.0997067466378212,-0.0011393213644623756,-0.0036907580215483904,-4.602099124895176e-06,-0.0019633069168776274,0.001068011624738574,1.0,0.0,False,False
439,3,Orientation droite,-0.03424040935639347,187.18903150110407,-0.09967031329870224,-0.0011391782900318503,0.003714330494403839,5.473759756569052e-06,-0.002018566941842437,-0.0010749115608632565,1.0,0.0,False,False
440,1,Orientation gauche,0.0024559010224056987,187.19148740212648,-0.09970369189977646,-0.0011393213644623756,-0.003407088341191411,-6.844554718554718e-06,-0.001967869233340025,0.0009862009901553392,1.0,0.0,False,False
441,3,Orientation droite,-0.11676138326641336,187.07472601886008,-0.09966202080249786,-0.001139249769039452,0.004253115504980087,3.5564453355618753e-06,-0.002031134907156229,-0.0012305707205086946,1.0,0.0,False,False
442,1,Orientation gauche,0.10195335422361687,187.1766793730837,-0.09969081729650497,-0.001139249769039452,-0.002948617562651634,1.0836946557901683e-06,-0.0019873015116900206,0.0008527272148057818,1.0,0.0,False,False
443,3,Orientation droite,-0.0059461699259936995,187.17073320315768,-0.09966440498828888,-0.0011391782900318503,0.0026943988632410765,2.702625351957977e-06,-0.0020273965783417225,-0.0007796315476298332,1.0,0.0,False,False
444,1,Orientation gauche,-0.061843868443322875,187.10888933471435,-0.0996941551566124,-0.001139249769039452,-0.0030281604267656803,-6.7164965003030375e-06,-0.001982314046472311,0.0008765997481532395,1.0,0.0,False,False
445,3,Orientation droite,-0.04927677363131153,187.05961256108304,-0.09966278076171875,-0.0011391782900318503,0.0032046292908489704,3.867886334774084e-06,-0.002029992872849107,-0.0009273194009438157,1.0,0.0,False,False
446,1,Orientation gauche,-0.045742629234749116,187.0138699318483,-0.09969577938318253,-0.001139249769039452,-0.003379321424290538,-3.400100695216679e-06,-0.001979731721803546,0.0009778070962056518,1.0,0.0,False,False
447,3,Orientation droite,-0.05413850843026388,186.95973142341802,-0.0996604934334755,-0.0011391066946089268,0.0036023936700075865,6.145544375613099e-06,-0.0020333263091742992,-0.001042617717757821,1.0,0.0,False,False
448,1,Orientation gauche,0.010581860442301833,186.97031328386032,-0.0996919646859169,-0.001139249769039452,-0.003212905256077647,-5.42698444405687e-06,-0.001985525945201516,0.0009298849035985768,1.0,0.0,False,False
449,3,Orientation droite,0.029325946548243637,186.99963923040858,-0.09966649860143661,-0.0011391066946089268,0.0026063215918838978,5.437722848000703e-06,-0.0020243122708052397,-0.0007544731488451362,1.0,0.0,False,False
450,1,Orientation gauche,-0.1098451321298721,186.8897940982787,-0.09970007091760635,-0.0011391782900318503,-0.003422123845666647,-2.9815876132488484e-06,-0.0019733975641429424,0.000990162487141788,1.0,0.0,False,False
451,3,Orientation droite,-0.0856526118425662,186.80414148643615,-0.09966125339269638,-0.0011391782900318503,0.003958599176257849,-8.272918989860045e-07,-0.00203226157464087,-0.0011449321173131466,1.0,0.0,False,False
452,1,Orientation gauche,0.04690201702657795,186.85104350346273,-0.09969262778759003,-0.0011391782900318503,-0.0032058663200587034,1.4913825907569844e-06,-0.0019846002105623484,0.0009271291783079505,1.0,0.0,False,False
453,3,Orientation droite,-0.021137449533248115,186.82990605392948,-0.09966230392456055,-0.0011391066946089268,0.0031014285050332546,3.052381089219125e-06,-0.0020307369995862246,-0.0008974293014034629,1.0,0.0,False,False
454,1,Orientation gauche,-0.016658349546114976,186.81324770438337,-0.0996914878487587,-0.001139249769039452,-0.0029832194559276104,-5.71251985093113e-06,-0.001986343413591385,0.000863519380800426,1.0,0.0,False,False
455,3,Orientation droite,0.005808841383920155,186.8190565457673,-0.09966592490673065,-0.001139249769039452,0.002611858770251274,-7.76255888013111e-07,-0.0020251779351383448,-0.0007553811883553863,1.0,0.0,False,False
456,1,Orientation gauche,-0.202799829812341,186.61625671595496,-0.09970855712890625,-0.0011391782900318503,-0.004362071398645639,2.6039808744826587e-06,-0.001960337394848466,0.0012614133302122355,1.0,0.0,False,False
457,3,Orientation droite,0.050487878394679414,186.66674459434964,-0.09967394173145294,-0.001139249769039452,0.003539186669513583,-1.9327032987348503e-06,-0.002012958750128746,-0.0010234657675027847,1.0,0.0,False,False
458,1,Orientation gauche,-0.0296024134351682,186.63714218091448,-0.09970875084400177,-0.001139249769039452,-0.003553258255124092,1.5635644956546457e-07,-0.0019601050298660994,0.0010277506662532687,1.0,0.0,False,False
459,3,Orientation droite,-0.14356736759021224,186.49357481332427,-0.09966325759887695,-0.0011391782900318503,0.004665041342377663,3.0439066449616803e-06,-0.002029482740908861,-0.0013496732572093606,1.0,0.0,False,False
460,1,Orientation gauche,0.16458064060536806,186.65815545392965,-0.09968996047973633,-0.001139249769039452,-0.002733216155320406,-2.1892847144044936e-06,-0.001988799776881933,0.0007908364641480148,1.0,0.0,False,False
461,3,Orientation droite,-0.0908884482610712,186.56726700566858,-0.09965743869543076,-0.0011391782900318503,0.003325138706713915,2.042598453044775e-06,-0.0020382809452712536,-0.000962011341471225,1.0,0.0,False,False
462,1,Orientation gauche,-0.036527991809944566,186.53073901385864,-0.09969072043895721,-0.0011391782900318503,-0.0034078024327754974,1.4599906990042655e-06,-0.0019876162987202406,0.0009855206590145826,1.0,0.0,False,False
463,3,Orientation droite,-0.03505888973447277,186.49568012412416,-0.09965705871582031,-0.001139249769039452,0.0034408930223435163,-1.6254761021627928e-06,-0.0020387761760503054,-0.0009950953535735607,1.0,0.0,False,False
464,1,Orientation gauche,-0.13058193345100896,186.36509819067317,-0.09970073401927948,-0.0011393213644623756,-0.004469516687095165,-3.455656951700803e-06,-0.0019722948782145977,0.0012931621167808771,1.0,0.0,False,False
465,3,Orientation droite,0.0029365114884510046,186.36803470216162,-0.09966029971837997,-0.001139249769039452,0.004119291435927153,3.309338353574276e-06,-0.002033588709309697,-0.001191851682960987,1.0,0.0,False,False
466,1,Orientation gauche,0.05987218554587351,186.4279068877075,-0.0996919646859169,-0.001139249769039452,-0.0032370388507843018,-1.1072794450228685e-06,-0.001985460752621293,0.0009364007273688912,1.0,0.0,False,False
467,3,Orientation droite,-0.03644932192503589,186.39145756578247,-0.09965982288122177,-0.001139249769039452,0.0032848205883055925,8.439921543867968e-07,-0.0020343090873211622,-0.0009502197499386966,1.0,0.0,False,False
468,1,Orientation gauche,-0.046726579492024384,186.34473098629044,-0.09969387203454971,-0.001139249769039452,-0.0034696399234235287,-7.35308276489377e-07,-0.001982711488381028,0.001003672368824482,1.0,0.0,False,False
469,3,Orientation droite,0.08212343084364207,186.42685441713408,-0.09967098385095596,-0.0011391782900318503,0.0023365323431789875,2.4991211375891e-06,-0.002017471008002758,-0.000676092691719532,1.0,0.0,False,False
470,1,Orientation gauche,-0.11872981593369289,186.30812460120038,-0.09970273822546005,-0.0011393213644623756,-0.0032403026707470417,-5.787885129393544e-06,-0.0019692382775247097,0.0009378641843795776,1.0,0.0,False,False
471,3,Orientation droite,-0.11237282646279453,186.19575177473757,-0.0996631607413292,-0.001139249769039452,0.00404345104470849,4.0167192310036626e-06,-0.0020293970592319965,-0.0011699659517034888,1.0,0.0,False,False
472,1,Orientation gauche,-0.03438453399974925,186.16136724073783,-0.09970340877771378,-0.0011393213644623756,-0.004108170513063669,-4.470595740713179e-06,-0.0019682792481034994,0.001188712427392602,1.0,0.0,False,False
473,3,Orientation droite,0.03935213241322025,186.20071937315106,-0.09967012703418732,-0.0011391066946089268,0.0033973678946495056,7.978663234098349e-06,-0.0020188370253890753,-0.0009835161035880446,1.0,0.0,False,False
474,1,Orientation gauche,0.05304381769814029,186.2537631908492,-0.09969539940357208,-0.001139249769039452,-0.0025800582952797413,-6.09236303716898e-06,-0.0019804383628070354,0.0007469596457667649,1.0,0.0,False,False
475,3,Orientation droite,-0.05593654407830215,186.19782664677092,-0.09966783225536346,-0.0011391782900318503,0.002824960509315133,2.800166384986369e-06,-0.00202246755361557,-0.0008174435351975262,1.0,0.0,False,False
476,1,Orientation gauche,-0.01307300154078625,186.18475364523013,-0.09969396889209747,-0.001139249769039452,-0.0026692820247262716,-3.6859817100776127e-06,-0.0019827450159937143,0.0007724930183030665,1.0,0.0,False,False
477,3,Orientation droite,-0.1024077396814522,186.0823459055487,-0.09966087341308594,-0.0011391782900318503,0.003376222448423505,4.062706011609407e-06,-0.00203297333791852,-0.0009769906755536795,1.0,0.0,False,False
478,1,Orientation gauche,-0.004056288932722224,186.07828961661596,-0.0996914878487587,-0.0011391782900318503,-0.0031327661126852036,-7.434549047502514e-07,-0.0019863839261233807,0.0009062309982255101,1.0,0.0,False,False
479,3,Orientation droite,-0.042113201567014896,186.03617641504894,-0.09965982288122177,-0.0011391066946089268,0.0032373941503465176,4.402275862958049e-06,-0.0020345456432551146,-0.0009368945611640811,1.0,0.0,False,False
480,1,Orientation gauche,-0.07043670095974683,185.96573971408918,-0.09969568252563477,-0.0011391782900318503,-0.00366036593914032,-3.000800006702775e-06,-0.001980086090043187,0.0010590850142762065,1.0,0.0,False,False
481,3,Orientation droite,0.015434759386896674,185.98117447347607,-0.09966449439525604,-0.0011391782900318503,0.0031897854059934616,-1.0053477126348298e-06,-0.002027503214776516,-0.0009225650574080646,1.0,0.0,False,False
482,1,Orientation gauche,-0.11061143830725115,185.87056303516883,-0.09970388561487198,-0.0011391782900318503,-0.004016243852674961,-1.3930655313743046e-06,-0.0019677747040987015,0.0011618488933891058,1.0,0.0,False,False
483,3,Orientation droite,-0.07410524417778738,185.79645779099104,-0.09966059029102325,-0.0011391066946089268,0.004434628412127495,4.4105186134402175e-06,-0.0020337356254458427,-0.0012831802014261484,1.0,0.0,False,False
484,1,Orientation gauche,0.035954892747434714,185.83241268373848,-0.0996977835893631,-0.0011391066946089268,-0.003794343676418066,-1.5593008129144437e-06,-0.0019772823434323072,0.0010977019555866718,1.0,0.0,False,False
485,3,Orientation droite,0.09412117193154337,185.92653385567002,-0.09967298805713654,-0.001139035215601325,0.0025401501916348934,2.7064243113272823e-06,-0.0020150577183812857,-0.0007350306259468198,1.0,0.0,False,False
486,1,Orientation gauche,-0.10941853898362972,185.8171153166864,-0.09970579296350479,-0.0011391782900318503,-0.003351393388584256,-5.703786428057356e-06,-0.001965190749615431,0.0009700266527943313,1.0,0.0,False,False
487,3,Orientation droite,-0.0821725075390922,185.7349428091473,-0.09966802597045898,-0.0011391066946089268,0.003853562520816922,3.9063452277332544e-06,-0.00202251342125237,-0.001115049235522747,1.0,0.0,False,False
488,1,Orientation gauche,0.09723257207713346,185.83217538122443,-0.09969339519739151,-0.0011391782900318503,-0.0025944658555090427,-4.163252015132457e-06,-0.0019839161541312933,0.0007509152637794614,1.0,0.0,False,False
489,3,Orientation droite,-0.09066855659423886,185.7415068246302,-0.09966220706701279,-0.0011391066946089268,0.003184949280694127,3.1701115403848235e-06,-0.0020313039422035217,-0.0009215851314365864,1.0,0.0,False,False
490,1,Orientation gauche,-0.09077177239964548,185.65073505223054,-0.09969959408044815,-0.0011391066946089268,-0.0038119745440781116,1.2382224667817354e-07,-0.0019746164325624704,0.0011026064166799188,1.0,0.0,False,False
491,3,Orientation droite,0.06919494632789494,185.71992999855843,-0.09967212378978729,-0.0011391066946089268,0.002805765252560377,-8.880946325007244e-07,-0.002016340149566531,-0.0008114716038107872,1.0,0.0,False,False
492,1,Orientation gauche,-0.036592025553841195,185.6833379730046,-0.0997004508972168,-0.001139035215601325,-0.002886278321966529,1.8680370885704178e-06,-0.0019734252709895372,0.0008346688118763268,1.0,0.0,False,False
493,3,Orientation droite,-0.044770380013629846,185.63856759299097,-0.09967079013586044,-0.001139035215601325,0.003018755465745926,3.192961912645842e-07,-0.002018309896811843,-0.0008732127025723457,1.0,0.0,False,False
494,1,Orientation gauche,-0.029276021188929774,185.60929157180203,-0.0997004508972168,-0.0011391066946089268,-0.0030268696136772633,-1.6893425254238537e-06,-0.0019732974469661713,0.0008757053874433041,1.0,0.0,False,False
495,3,Orientation droite,-0.03314623468812236,185.5761453371139,-0.09967060387134552,-0.001139249769039452,0.003042947966605425,-4.0164113670471124e-06,-0.0020185254979878664,-0.0008797281188890338,1.0,0.0,False,False
496,1,Orientation gauche,0.031881232148119026,185.60802656926202,-0.09969444572925568,-0.0011391782900318503,-0.0024364956188946962,4.581263965519611e-06,-0.0019823245238512754,0.0007042596698738635,1.0,0.0,False,False
497,3,Orientation droite,-0.1324812334666123,185.4755453357954,-0.09966067969799042,-0.0011391066946089268,0.003443850204348564,1.8796024505718378e-06,-0.0020335447043180466,-0.000996361835859716,1.0,0.0,False,False
498,1,Orientation gauche,-0.07577944171642478,185.39976589407897,-0.09969911724328995,-0.0011391782900318503,-0.003921533934772015,-2.9975451525388053e-06,-0.0019752231892198324,0.0011346257524564862,1.0,0.0,False,False
499,3,Orientation droite,0.0755031568810314,185.47526905096,-0.09967117011547089,-0.0011391782900318503,0.002852045465260744,-2.502735441112236e-08,-0.002017622347921133,-0.0008249416132457554,1.0,0.0,False,False
500,1,Orientation gauche,-0.007156313783286378,185.4681127371767,-0.09969701617956161,-0.0011391066946089268,-0.0026369679253548384,2.646908114911639e-06,-0.0019784194882959127,0.0007624728023074567,1.0,0.0,False,False
501,3,Orientation droite,-0.1338337066367081,185.33427903054,-0.09966125339269638,-0.0011391066946089268,0.0036566886119544506,-6.111052357482549e-07,-0.0020327975507825613,-0.0010576421627774835,1.0,0.0,False,False
502,1,Orientation gauche,-0.001321104060432815,185.33295792647957,-0.09969444572925568,-0.0011391066946089268,-0.003387087257578969,-4.433328228969913e-07,-0.001982424408197403,0.0009797695092856884,1.0,0.0,False,False
503,3,Orientation droite,-0.08322043003603127,185.24973749644354,-0.09965620189905167,-0.0011391066946089268,0.003899530041962862,-6.933551048859954e-07,-0.002040425781160593,-0.0011278862366452813,1.0,0.0,False,False
504,1,Orientation gauche,-0.09022310295775846,185.15951439348578,-0.09970035403966904,-0.0011391782900318503,-0.004524886142462492,-2.944167817986454e-06,-0.0019731465727090836,0.001309191226027906,1.0,0.0,False,False
505,3,Orientation droite,0.15975610571352064,185.3192704991993,-0.09967479854822159,-0.0011391066946089268,0.002613973803818226,3.4845390928239794e-06,-0.0020120542030781507,-0.0007565038977190852,1.0,0.0,False,False
506,1,Orientation gauche,-0.09704061065704003,185.22222988854224,-0.09970712661743164,-0.001139249769039452,-0.0033011764753609896,-5.698241693607997e-06,-0.0019629260059446096,0.0009555022115819156,1.0,0.0,False,False
507,3,Orientation droite,-0.13803767328280145,185.08419221525943,-0.09966440498828888,-0.0011391782900318503,0.004359449725598097,1.794459763004852e-06,-0.0020277565345168114,-0.0012611766578629613,1.0,0.0,False,False
508,1,Orientation gauche,0.16996402030306193,185.2541562355625,-0.09968767315149307,-0.0011391066946089268,-0.002371789189055562,3.5711641430680174e-06,-0.0019925073720514774,0.0006856423569843173,1.0,0.0,False,False
509,3,Orientation droite,-0.2073477551480962,185.0468084804144,-0.09964656829833984,-0.001137747778557241,0.004153079353272915,5.547053660848178e-05,-0.00202544336207211,-0.0006417790427803993,1.0,0.0,False,False
510,1,Orientation gauche,-0.05160386123921398,184.99520461917518,-0.09968958050012589,-0.001137747778557241,-0.004391801543533802,-6.247389592317631e-07,-0.0019601222593337297,0.001270767766982317,1.0,0.0,False,False
511,3,Orientation droite,0.142449825410256,185.13765444458545,-0.0996636375784874,-0.001137747778557241,0.002653773408383131,-1.2822007420254522e-06,-0.0019995898474007845,-0.00076766760321334,1.0,0.0,False,False
512,1,Orientation gauche,-0.11172168331872243,185.02593276126672,-0.09969787299633026,-0.0011376761831343174,-0.0034886356443166733,3.925495548173785e-06,-0.0019477087771520019,0.0010089598363265395,1.0,0.0,False,False
513,3,Orientation droite,-0.11899267568355462,184.90694008558316,-0.09965524822473526,-0.001137747778557241,0.0043564061634242535,-4.193913355265977e-06,-0.0020124907605350018,-0.0012599515030160546,1.0,0.0,False,False
514,1,Orientation gauche,0.06982498301286391,184.97676506859602,-0.09968824684619904,-0.0011376761831343174,-0.0033753428142517805,4.276365871191956e-06,-0.001962309470400214,0.0009761139517650008,1.0,0.0,False,False
515,3,Orientation droite,-0.1000717879699777,184.87669328062606,-0.09964857250452042,-0.001137747778557241,0.004055429250001907,-2.818057964759646e-06,-0.002022612141445279,-0.0011730564292520285,1.0,0.0,False,False
516,1,Orientation gauche,-0.08061629473755857,184.7960769858885,-0.09969339519739151,-0.001137747778557241,-0.004584966227412224,3.329051310174691e-07,-0.001954419305548072,0.0013265640009194613,1.0,0.0,False,False
517,3,Orientation droite,0.06959267724619103,184.8656696631347,-0.09965839236974716,-0.0011378192575648427,0.003570917993783951,-2.2468918814411154e-06,-0.0020075368229299784,-0.0010329221840947866,1.0,0.0,False,False
518,1,Orientation gauche,-0.04664252117514486,184.81902714195954,-0.09969520568847656,-0.0011378192575648427,-0.0037564183585345745,-5.575197405960353e-07,-0.0019516528118401766,0.001086880569346249,1.0,0.0,False,False
519,3,Orientation droite,-0.050399804137003484,184.76862733782252,-0.09965667873620987,-0.0011378192575648427,0.0039403121918439865,1.4293278809418553e-06,-0.002010282827541232,-0.0011401644442230463,1.0,0.0,False,False
520,1,Orientation gauche,0.07689647602901431,184.84552381385154,-0.09968490898609161,-0.001137747778557241,-0.0028860382735729218,2.3850705019867746e-06,-0.0019673651549965143,0.0008347836555913091,1.0,0.0,False,False
521,3,Orientation droite,-0.13235894789978062,184.71316486595177,-0.09964676201343536,-0.0011378192575648427,0.003889912273734808,-1.8975091506945319e-06,-0.002025224734097719,-0.0011252692202106118,1.0,0.0,False,False
522,1,Orientation gauche,-0.06830795257573882,184.64485691337603,-0.0996888130903244,-0.001137747778557241,-0.0042948052287101746,2.0484812921495177e-06,-0.001961357891559601,0.0012423924636095762,1.0,0.0,False,False
523,3,Orientation droite,0.11643708246878973,184.76129399584482,-0.09966135025024414,-0.0011376761831343174,0.0028160137590020895,3.1816036880627507e-06,-0.002003242028877139,-0.0008150826906785369,1.0,0.0,False,False
524,1,Orientation gauche,-0.09271800740276845,184.66857598844206,-0.09969520568847656,-0.0011378908529877663,-0.0034608524292707443,-8.447451364190783e-06,-0.0019517192849889398,0.0010022076312452555,1.0,0.0,False,False
525,3,Orientation droite,-0.14023351148763716,184.5283424769544,-0.09965095669031143,-0.0011378192575648427,0.004539906047284603,3.669794068628107e-06,-0.002019258216023445,-0.0013138849753886461,1.0,0.0,False,False
526,1,Orientation gauche,0.051594184274825566,184.57993666122923,-0.09968757629394531,-0.0011378192575648427,-0.003743021283298731,1.4985746474849293e-06,-0.001963583519682288,0.0010828045196831226,1.0,0.0,False,False
527,3,Orientation droite,0.034711191504590816,184.6146478527338,-0.099657341837883,-0.0011378192575648427,0.0030803128611296415,2.9132870622561313e-06,-0.002009408315643668,-0.0008915028301998973,1.0,0.0,False,False
528,1,Orientation gauche,-0.15113809504863226,184.4635097576852,-0.09969969093799591,-0.001137962331995368,-0.004313542041927576,-7.634553185198456e-06,-0.0019452128326520324,0.001248834771104157,1.0,0.0,False,False
529,3,Orientation droite,0.08086646601911632,184.5443762237043,-0.09966850280761719,-0.0011378908529877663,0.0031886373180896044,2.3880022581579397e-06,-0.0019926426466554403,-0.0009227955597452819,1.0,0.0,False,False
530,1,Orientation gauche,0.0558821884422003,184.6002584121465,-0.09969139099121094,-0.0011378908529877663,-0.002341747982427478,1.4538600225932896e-06,-0.0019578237552195787,0.0006773719796910882,1.0,0.0,False,False
531,3,Orientation droite,-0.1868038519999302,184.41345456014656,-0.09965324401855469,-0.0011378192575648427,0.0038900519721210003,2.92784238808963e-06,-0.0020157028920948505,-0.0011258026352152228,1.0,0.0,False,False
532,1,Orientation gauche,0.06789391928694258,184.4813484794335,-0.09968195110559464,-0.0011378192575648427,-0.0029259263537824154,4.4814319721808715e-07,-0.0019721868447959423,0.0008464974234811962,1.0,0.0,False,False
533,3,Orientation droite,-0.10327898442467706,184.37806949500882,-0.0996461883187294,-0.0011378908529877663,0.00364033505320549,-3.093868599535199e-06,-0.0020263262558728456,-0.0010529144201427698,1.0,0.0,False,False
534,1,Orientation gauche,-0.049330737783088024,184.32873875722572,-0.09968395531177521,-0.0011378908529877663,-0.0038531869649887085,9.310150517194415e-07,-0.0019690198823809624,0.0011147557524964213,1.0,0.0,False,False
535,3,Orientation droite,0.09823295463494766,184.42697171186066,-0.09965896606445312,-0.001137962331995368,0.002557814586907625,-2.267995114380028e-06,-0.0020070455502718687,-0.0007397994049824774,1.0,0.0,False,False
536,1,Orientation gauche,-0.1307186515526115,184.29625306030806,-0.0996941551566124,-0.0011378908529877663,-0.003583107143640518,2.1686835225409595e-06,-0.001953752478584647,0.0010364349000155926,1.0,0.0,False,False
537,3,Orientation droite,0.0018232267100082578,184.29807628701806,-0.09966230392456055,-0.001137962331995368,0.003248422173783183,-3.115937033726368e-06,-0.002002054126933217,-0.000939492485485971,1.0,0.0,False,False
538,1,Orientation gauche,-0.04318768645155899,184.25488860056652,-0.09969548881053925,-0.0011378908529877663,-0.00339764473028481,2.8496967843238963e-06,-0.0019515239400789142,0.0009827137691900134,1.0,0.0,False,False
539,3,Orientation droite,-0.12173714086841755,184.1331514596981,-0.09965343773365021,-0.0011378192575648427,0.004293196834623814,2.887034042942105e-06,-0.0020153983496129513,-0.0012424112064763904,1.0,0.0,False,False
540,1,Orientation gauche,0.12969922644597467,184.26285068614408,-0.09967994689941406,-0.001137962331995368,-0.002710021799430251,-6.337599643302383e-06,-0.001975062768906355,0.0007847630186006427,1.0,0.0,False,False
541,3,Orientation droite,-0.11565290187242702,184.14719778427164,-0.09964504092931747,-0.001137747778557241,0.0035523418337106705,4.547765001916559e-06,-0.002024180954322219,-0.0009664286626502872,1.0,0.0,False,False
542,1,Orientation gauche,-0.04777319445298708,184.09942458981865,-0.09968175739049911,-0.0011376761831343174,-0.00374910538084805,4.045138666697312e-06,-0.001968436874449253,0.0010844499338418245,1.0,0.0,False,False
543,3,Orientation droite,0.14129089243095663,184.2407154822496,-0.09966202080249786,-0.001137747778557241,0.0020258172880858183,-2.4441217192361364e-06,-0.001998555613681674,-0.000585934438277036,1.0,0.0,False,False
544,1,Orientation gauche,-0.2907712342270752,183.94994424802255,-0.09970779716968536,-0.0011363172670826316,-0.004622111562639475,5.811371374875307e-05,-0.0019638529047369957,0.0006743259145878255,1.0,0.0,False,False
545,3,Orientation droite,0.026913997119222516,183.97685824514176,-0.0996682196855545,-0.0011363887460902333,0.004032904747873545,-2.34029425882909e-06,-0.0020238584838807583,-0.0011670986423268914,1.0,0.0,False,False
546,1,Orientation gauche,0.10598911465611074,184.08284735979785,-0.09969453513622284,-0.0011364603415131569,-0.002686663530766964,-2.6843874820769997e-06,-0.0019838872831314802,0.0007779372972436249,1.0,0.0,False,False
547,3,Orientation droite,-0.0718244507372858,184.01102290906056,-0.09966430813074112,-0.0011363172670826316,0.0030891369096934795,5.032737135479692e-06,-0.0020298867020756006,-0.000894659839104861,1.0,0.0,False,False
548,1,Orientation gauche,-0.1256127981961128,183.88541011086446,-0.0997040718793869,-0.0011363887460902333,-0.004066006746143103,-2.5431979793211212e-06,-0.0019693817012012005,0.001177137834019959,1.0,0.0,False,False
549,3,Orientation droite,0.06754263569063149,183.9529527465551,-0.0996740311384201,-0.0011363887460902333,0.003074880689382553,4.3356169499020325e-07,-0.0020151210483163595,-0.0008900122484192252,1.0,0.0,False,False
550,1,Orientation gauche,0.011582246693135262,183.96453499324824,-0.09970016777515411,-0.0011364603415131569,-0.0026726978830993176,-3.737682618520921e-06,-0.0019753489177674055,0.0007739675929769874,1.0,0.0,False,False
551,3,Orientation droite,-0.21401266619307854,183.75052232705517,-0.09965629875659943,-0.0011363172670826316,0.004489843733608723,7.70826682128245e-06,-0.002042193431407213,-0.0013003131607547402,1.0,0.0,False,False
552,1,Orientation gauche,-0.027559098646872754,183.7229632284083,-0.09970016777515411,-0.0011363887460902333,-0.0044883727096021175,-1.854207994256285e-06,-0.0019753947854042053,0.0012992490082979202,1.0,0.0,False,False
553,3,Orientation droite,0.13460048874515643,183.85756371715345,-0.09967241436243057,-0.0011363887460902333,0.0028280196711421013,-1.513886218162952e-06,-0.002017493126913905,-0.0008183252066373825,1.0,0.0,False,False
554,1,Orientation gauche,0.004972418193113698,183.86253613534657,-0.09969673305749893,-0.0011363172670826316,-0.0024910166393965483,2.8298725283093518e-06,-0.0019804544281214476,0.0007206201553344727,1.0,0.0,False,False
555,3,Orientation droite,-0.11902689738718905,183.7435092379594,-0.09966383129358292,-0.0011363172670826316,0.0033641154877841473,1.0092825277752127e-06,-0.002030525589361787,-0.0009737472864799201,1.0,0.0,False,False
556,1,Orientation gauche,-0.10128467725355847,183.64222456070584,-0.09970398247241974,-0.0011364603415131569,-0.0040978239849209785,-6.6285474531468935e-06,-0.0019695102237164974,0.0011867075227200985,1.0,0.0,False,False
557,3,Orientation droite,-0.01117280455083211,183.63105175615502,-0.09966583549976349,-0.0011364603415131569,0.003889842424541712,4.0854502003639936e-07,-0.0020273695699870586,-0.001125807175412774,1.0,0.0,False,False
558,1,Orientation gauche,-0.010421337675712933,183.6206304184793,-0.09970216453075409,-0.0011363887460902333,-0.0037129379343241453,3.323970304336399e-06,-0.001972154015675187,0.001074203522875905,1.0,0.0,False,False
559,3,Orientation droite,0.013936172160817578,183.6345665906401,-0.09967031329870224,-0.0011363887460902333,0.0032569647300988436,3.41016857419163e-07,-0.00202061771415174,-0.0009426420438103378,1.0,0.0,False,False
560,1,Orientation gauche,-0.008354102634645172,183.62621248800545,-0.09970016777515411,-0.0011363887460902333,-0.0030561427120119333,-3.016418531842646e-06,-0.001975131221115589,0.0008847875287756324,1.0,0.0,False,False
561,3,Orientation droite,-0.04264856863294206,183.5835639193725,-0.09966917335987091,-0.0011363172670826316,0.0031665086280554533,1.5984973060767516e-06,-0.0020222452003508806,-0.0009165768278762698,1.0,0.0,False,False
562,1,Orientation gauche,-0.06752112642577998,183.5160427929467,-0.09970398247241974,-0.0011363887460902333,-0.003559879958629608,-3.4674401376832975e-06,-0.0019692762289196253,0.0010306204203516245,1.0,0.0,False,False
563,3,Orientation droite,-0.0448515569329728,183.47119123601374,-0.09966783225536346,-0.0011363172670826316,0.0036896292585879564,2.8665269837802043e-06,-0.0020241858437657356,-0.0010680935811251402,1.0,0.0,False,False
564,1,Orientation gauche,0.10670115815665085,183.5778923941704,-0.09969063103199005,-0.0011363887460902333,-0.002334577264264226,-2.5972806270146975e-06,-0.0019894337747246027,0.0006759509560652077,1.0,0.0,False,False
565,3,Orientation droite,-0.13653556448644252,183.44135682968394,-0.09965753555297852,-0.001136245671659708,0.0033826425205916166,4.929534952680115e-06,-0.0020398139022290707,-0.0009794561192393303,1.0,0.0,False,False
566,1,Orientation gauche,-0.12584049436900877,183.31551633531492,-0.09970025718212128,-0.001136245671659708,-0.004363246727734804,-2.7554537496143894e-07,-0.001974896527826786,0.0012627646792680025,1.0,0.0,False,False
567,3,Orientation droite,0.04100919518503268,183.35652553049997,-0.09966468811035156,-0.001136245671659708,0.0036346472334116697,-1.00993781870784e-06,-0.00202897354029119,-0.001051755272783339,1.0,0.0,False,False
568,1,Orientation gauche,-0.05157361105799893,183.30495191944198,-0.09970255196094513,-0.0011361741926521063,-0.003870095359161496,3.1211363875627285e-06,-0.0019714029040187597,0.001119668479077518,1.0,0.0,False,False
569,3,Orientation droite,-0.0379127549890714,183.2670391644529,-0.0996641144156456,-0.0011361741926521063,0.003929205238819122,-9.786094778974075e-07,-0.00202985224314034,-0.0011369914282113314,1.0,0.0,False,False
570,1,Orientation gauche,-0.005249273863443732,183.26178989058945,-0.09970035403966904,-0.0011361741926521063,-0.0037005238700658083,-1.4616050520999124e-06,-0.001974788960069418,0.001071087783202529,1.0,0.0,False,False
571,3,Orientation droite,-0.06892096492760899,183.19286892566186,-0.09966039657592773,-0.0011361027136445045,0.004069135524332523,2.6510927000344964e-06,-0.0020353433210402727,-0.001177883124910295,1.0,0.0,False,False
572,1,Orientation gauche,0.03129393740930489,183.22416286307117,-0.09969444572925568,-0.001136245671659708,-0.0034738469403237104,-5.249987680144841e-06,-0.001983643975108862,0.0010058906627818942,1.0,0.0,False,False
573,3,Orientation droite,0.051822187922625745,183.2759850509938,-0.09966859966516495,-0.0011361027136445045,0.002642133040353656,4.862745299760718e-06,-0.0020229800138622522,-0.0007651378982700408,1.0,0.0,False,False
574,1,Orientation gauche,-0.15577374792885898,183.12021130306493,-0.09970702975988388,-0.0011361741926521063,-0.00391977746039629,-3.0144390166242374e-06,-0.00196464522741735,0.0011346719693392515,1.0,0.0,False,False
575,3,Orientation droite,-0.10568673662714431,183.01452456643779,-0.09966154396533966,-0.0011361741926521063,0.0046529145911335945,-4.015213050934108e-07,-0.002033863915130496,-0.0013464803341776133,1.0,0.0,False,False
576,1,Orientation gauche,0.15732981142551886,183.1718543778633,-0.09968890994787216,-0.0011361027136445045,-0.0027938138227909803,2.5184413061651867e-06,-0.0019922973588109016,0.0008082513813860714,1.0,0.0,False,False
577,3,Orientation droite,-0.0033604782056417537,183.16849389965765,-0.09966430813074112,-0.001136031118221581,0.0025145772378891706,2.976115411001956e-06,-0.0020297421142458916,-0.0007280090358108282,1.0,0.0,False,False
578,1,Orientation gauche,-0.1420068019364595,183.0264870977212,-0.09970007091760635,-0.0011361027136445045,-0.0036532531958073378,-2.0829115783271845e-06,-0.00197537406347692,0.0010574465850368142,1.0,0.0,False,False
579,3,Orientation droite,-0.0475841335621314,182.97890296415906,-0.09966278076171875,-0.0011361027136445045,0.0038097011856734753,7.71112297570653e-07,-0.0020320541225373745,-0.0011025310959666967,1.0,0.0,False,False
580,1,Orientation gauche,0.044404337234566854,183.02330730139363,-0.0996929183602333,-0.0011361027136445045,-0.0030813792254775763,-4.2165170270891394e-06,-0.0019861957989633083,0.0008921620319597423,1.0,0.0,False,False
581,3,Orientation droite,-0.03631360724143093,182.9869936941522,-0.09966230392456055,-0.0011361027136445045,0.0031285863369703293,1.2174069752290961e-06,-0.0020327384117990732,-0.0009055190021172166,1.0,0.0,False,False
582,1,Orientation gauche,-0.10374339237927785,182.88325030177293,-0.09970035403966904,-0.0011361027136445045,-0.003885766491293907,1.215633005813288e-06,-0.001974943093955517,0.001124391215853393,1.0,0.0,False,False
583,3,Orientation droite,-0.06489273275928362,182.81835756901364,-0.09965896606445312,-0.001136031118221581,0.004213389009237289,3.015272341144737e-06,-0.0020376346074044704,-0.0012196482857689261,1.0,0.0,False,False
584,1,Orientation gauche,-0.03677613940132993,182.78158142961232,-0.09970121085643768,-0.0011361027136445045,-0.004302934277802706,-4.1239936763304286e-06,-0.0019736040849238634,0.001245693420059979,1.0,0.0,False,False
585,3,Orientation droite,0.05284670785427473,182.8344281374666,-0.09966735541820526,-0.0011361741926521063,0.0034569203853607178,-2.246598796773469e-06,-0.0020250044763088226,-0.0010001386981457472,1.0,0.0,False,False
586,1,Orientation gauche,-0.07399247032286801,182.76043566714372,-0.09970579296350479,-0.0011361027136445045,-0.00391667103394866,2.078670831906493e-06,-0.0019667488522827625,0.0011332409922033548,1.0,0.0,False,False
587,3,Orientation droite,0.02875066535531559,182.78918633249904,-0.09967336803674698,-0.0011361027136445045,0.0033123227767646313,-8.451830240119307e-07,-0.0020160137210041285,-0.0009584762156009674,1.0,0.0,False,False
588,1,Orientation gauche,0.0810461751892835,182.8702325076883,-0.09969501197338104,-0.001136031118221581,-0.002213121159002185,2.7038117877964396e-06,-0.001983105903491378,0.0006401686696335673,1.0,0.0,False,False
589,1,Orientation gauche,-0.5958290609821055,182.2744034467062,-0.09977293014526367,-0.0011359596392139792,-0.007793453987687826,1.9229657937103184e-06,-0.0019831557292491198,-8.785866043581336e-07,1.0,0.0,False,False
590,3,Orientation droite,0.4455278456102356,182.71993129231643,-0.09974326938390732,-0.001135816564783454,0.0030228309333324432,5.476239493873436e-06,-0.0020281546749174595,-0.0008753426373004913,1.0,0.0,False,False
591,1,Orientation gauche,0.05469992378793201,182.77463121610435,-0.0997646301984787,-0.001135816564783454,-0.0021870082709938288,-1.6095266630600236e-07,-0.001995622180402279,0.0006329430034384131,1.0,0.0,False,False
592,3,Orientation droite,-0.1886525648920034,182.58597865121234,-0.0997278243303299,-0.001135816564783454,0.003754466073587537,5.162029879102192e-07,-0.0020514994394034147,-0.0010865272488445044,1.0,0.0,False,False
593,1,Orientation gauche,-0.05246649941390544,182.53351215179845,-0.09976701438426971,-0.001135816564783454,-0.003999439068138599,-1.2712587249552598e-06,-0.0019919979386031628,0.0011575737735256553,1.0,0.0,False,False
594,3,Orientation droite,0.08162257107144136,182.6151347228699,-0.09973888099193573,-0.0011359596392139792,0.0028686868026852608,-4.809581696463283e-06,-0.002034650417044759,-0.0008296514861285686,1.0,0.0,False,False
595,1,Orientation gauche,-0.02003750433395865,182.59509721853593,-0.09976615756750107,-0.001135816564783454,-0.0027831560000777245,5.734729711548425e-06,-0.001993282698094845,0.0008047794690355659,1.0,0.0,False,False
596,3,Orientation droite,-0.12676298212402123,182.4683342364119,-0.09972963482141495,-0.0011358880437910557,0.0037318274844437838,-2.9899956643930636e-06,-0.002048768335953355,-0.0010796526912599802,1.0,0.0,False,False
597,1,Orientation gauche,0.03804174875702884,182.50637598516892,-0.09975967556238174,-0.001135816564783454,-0.0030669886618852615,3.7698196138080675e-06,-0.002003150526434183,0.0008871793979778886,1.0,0.0,False,False
598,3,Orientation droite,-0.04383357081906844,182.46254241434985,-0.09972848743200302,-0.0011358880437910557,0.0031890608370304108,-1.8527740621721023e-06,-0.0020505981519818306,-0.0009226723341271281,1.0,0.0,False,False
599,1,Orientation gauche,-0.1509943092266812,182.31154810512317,-0.09977169334888458,-0.0011359596392139792,-0.004421604331582785,-3.969964836869622e-06,-0.001984796952456236,0.0012799963587895036,1.0,0.0,False,False
600,3,Orientation droite,0.011365808744046718,182.3229139138672,-0.09973259270191193,-0.0011358880437910557,0.003987692762166262,2.402310656179907e-06,-0.0020441506057977676,-0.0011542185675352812,1.0,0.0,False,False
601,1,Orientation gauche,0.028941566024984128,182.3518554798922,-0.09976606070995331,-0.0011358880437910557,-0.003415621817111969,-1.5155014807533007e-06,-0.001993334386497736,0.0009885907638818026,1.0,0.0,False,False
602,3,Orientation droite,-0.08051593991142944,182.27133953998077,-0.0997278243303299,-0.0011358880437910557,0.0039009663742035627,7.302956532839744e-07,-0.0020513893105089664,-0.0011289617978036404,1.0,0.0,False,False
603,1,Orientation gauche,0.02316844718583269,182.2945079871666,-0.0997610092163086,-0.0011357450857758522,-0.0033864446450024843,4.8165925363719e-06,-0.00200103921815753,0.0009794729994609952,1.0,0.0,False,False
604,3,Orientation droite,-0.0434812671883715,182.25102671997823,-0.09972667694091797,-0.001135816564783454,0.003503470215946436,-1.7475259710408864e-06,-0.002053158590570092,-0.0010136425262317061,1.0,0.0,False,False
605,1,Orientation gauche,-0.05624936128983002,182.19477735868838,-0.09976377338171005,-0.0011359596392139792,-0.0037851971574127674,-5.191212494537467e-06,-0.001996824983507395,0.0010959557257592678,1.0,0.0,False,False
606,3,Orientation droite,0.043860542552239395,182.23863790124062,-0.0997341126203537,-0.0011359596392139792,0.0030311571899801493,6.310782509899582e-07,-0.0020419203210622072,-0.0008772470173425972,1.0,0.0,False,False
607,1,Orientation gauche,-0.059883624174518174,182.1787542770661,-0.09976692497730255,-0.001135816564783454,-0.0033469595946371555,5.162141860637348e-06,-0.001992147648707032,0.0009679858339950442,1.0,0.0,False,False
608,3,Orientation droite,-0.12823064699792283,182.05052363006817,-0.0997246727347374,-0.0011357450857758522,0.004307407420128584,2.831271558534354e-06,-0.002056255005300045,-0.0012468114728108048,1.0,0.0,False,False
609,1,Orientation gauche,0.12285502391397721,182.17337865398216,-0.0997520461678505,-0.001135816564783454,-0.0027930568903684616,-2.290118345626979e-06,-0.0020146858878433704,0.0008085058070719242,1.0,0.0,False,False
610,3,Orientation droite,-0.07267943495598914,182.10069921902615,-0.09972067177295685,-0.0011358880437910557,0.0032035917975008488,-3.315657295388519e-06,-0.002062317682430148,-0.0009266980923712254,1.0,0.0,False,False
611,1,Orientation gauche,-0.19825630828643412,181.90244291073972,-0.09976863861083984,-0.0011359596392139792,-0.004911250434815884,-1.6870656054379651e-06,-0.001989256124943495,0.0014214229304343462,1.0,0.0,False,False
612,3,Orientation droite,0.038993662509305055,181.94143657324904,-0.09972753375768661,-0.0011358880437910557,0.0041998932138085365,3.1444083106180187e-06,-0.00205177697353065,-0.0012157170567661524,1.0,0.0,False,False
613,1,Orientation gauche,0.1355506010627672,182.0769871743118,-0.0997525230050087,-0.0011358880437910557,-0.002557432046160102,1.2152852377766976e-06,-0.00201374851167202,0.0007399620371870697,1.0,0.0,False,False
614,3,Orientation droite,-0.05810298936014277,182.01888418495165,-0.09972486644983292,-0.0011359596392139792,0.0028241132386028767,-3.211153625670704e-06,-0.002055749762803316,-0.0008168983040377498,1.0,0.0,False,False
615,1,Orientation gauche,-0.08457028584176804,181.93431389910987,-0.09975805133581161,-0.0011359596392139792,-0.0033870164770632982,-1.5284361154499493e-07,-0.0020053654443472624,0.0009801379637792706,1.0,0.0,False,False
616,3,Orientation droite,-0.08275456654574917,181.8515593325641,-0.09971990436315536,-0.0011358880437910557,0.00389474187977612,4.520793481788132e-06,-0.0020633284002542496,-0.0011275463039055467,1.0,0.0,False,False
617,1,Orientation gauche,-0.08698697773691919,181.76457235482718,-0.09976377338171005,-0.001136031118221581,-0.004487526603043079,-6.710174147883663e-06,-0.00199654302559793,0.0012993563432246447,1.0,0.0,False,False
618,3,Orientation droite,0.13148632802939744,181.8960586828566,-0.09973583370447159,-0.0011358880437910557,0.002858047839254141,5.1573983910202514e-06,-0.00203910144045949,-0.0008275938453152776,1.0,0.0,False,False
619,1,Orientation gauche,-0.1526158168048066,181.7434428660518,-0.09977617114782333,-0.001135172788053751,-0.004080344922840595,2.570723336248193e-05,-0.0020025568082928658,0.000713536748662591,1.0,0.0,False,False
620,3,Orientation droite,0.016541021202214595,181.759983887254,-0.0997408851981163,-0.0011350298300385475,0.0035967447329312563,5.603709723800421e-06,-0.0020561085548251867,-0.001041643088683486,1.0,0.0,False,False
621,1,Orientation gauche,0.10786111957048775,181.8678450068245,-0.09976272284984589,-0.0011350298300385475,-0.0022294619120657444,-1.374867906633881e-06,-0.0020229462534189224,0.0006454201648011804,1.0,0.0,False,False
622,1,Orientation gauche,-0.4238972650170083,181.44394774180748,-0.09982375800609589,-0.0011348867556080222,-0.006107267923653126,5.079492439108435e-06,-0.0020230815280228853,-2.293162879141164e-06,1.0,0.0,False,False
623,3,Orientation droite,0.1759187064319037,181.61986644823938,-0.09978427737951279,-0.001134743681177497,0.004027607385069132,5.0503481361374725e-06,-0.0020830354187637568,-0.001166251371614635,1.0,0.0,False,False
624,1,Orientation gauche,0.058672652892554994,181.67853910113195,-0.09981517493724823,-0.0011348867556080222,-0.003156977938488126,-7.390129212581087e-06,-0.0020360341295599937,0.000914555334020406,1.0,0.0,False,False
625,3,Orientation droite,-0.096429624538614,181.58210947659333,-0.09977789223194122,-0.001134743681177497,0.0038019516505301,6.273714006965747e-06,-0.0020926480647176504,-0.0011010791640728712,1.0,0.0,False,False
626,1,Orientation gauche,-0.06699435111915328,181.51511512547418,-0.09981908649206161,-0.001134743681177497,-0.004193087108433247,-5.426443294709316e-07,-0.002030265284702182,0.0012136836303398013,1.0,0.0,False,False
627,3,Orientation droite,0.04080378456382697,181.555918910038,-0.09978504478931427,-0.001134743681177497,0.0034675137139856815,4.1870563904922165e-07,-0.002081844722852111,-0.001003612531349063,1.0,0.0,False,False
628,1,Orientation gauche,-0.010333066439133204,181.54558584359887,-0.09981727600097656,-0.0011348151601850986,-0.0032875346951186657,-2.927921059381333e-06,-0.0020329200197011232,0.0009518001461401582,1.0,0.0,False,False
629,3,Orientation droite,-0.10316866717220272,181.44241717642666,-0.09977807849645615,-0.001134743681177497,0.0039989156648516655,1.798298967514711e-06,-0.0020924208220094442,-0.0011575182434171438,1.0,0.0,False,False
630,1,Orientation gauche,-0.041350435333394414,181.40106674109327,-0.09981860965490341,-0.0011348867556080222,-0.004133384209126234,-5.170493295736378e-06,-0.002030923729762435,0.0011968163307756186,1.0,0.0,False,False
631,3,Orientation droite,0.08597497584929784,181.48704171694257,-0.09978961944580078,-0.0011348151601850986,0.0029585962183773518,2.9807736154907616e-06,-0.0020749543327838182,-0.0008565777679905295,1.0,0.0,False,False
632,1,Orientation gauche,-0.03181918157108107,181.4552225353715,-0.09981898963451385,-0.0011348867556080222,-0.0029919466469436884,-3.943985575460829e-06,-0.002030422678217292,0.0008663224289193749,1.0,0.0,False,False
633,3,Orientation droite,-0.18421832501248112,181.271004210359,-0.09977493435144424,-0.001134743681177497,0.004511045292019844,6.070187737350352e-06,-0.002097564283758402,-0.0013061582576483488,1.0,0.0,False,False
634,1,Orientation gauche,0.1499091080253099,181.4209133183843,-0.09980163723230362,-0.001134743681177497,-0.002725812140852213,6.561700871543508e-08,-0.0020570093765854836,0.0007888429099693894,1.0,0.0,False,False
635,3,Orientation droite,-0.0005189504717584004,181.42039436791254,-0.09977789223194122,-0.0011346722021698952,0.0024187550880014896,1.8587820704851765e-06,-0.002093000803142786,-0.0007001907797530293,1.0,0.0,False,False
636,1,Orientation gauche,-0.23321588504723031,181.1871784828653,-0.09982166439294815,-0.001134743681177497,-0.0044737025164067745,-4.36093432654161e-06,-0.0020264391787350178,0.001295166788622737,1.0,0.0,False,False
637,3,Orientation droite,0.009250893106007824,181.19642937597132,-0.09978189319372177,-0.0011346006067469716,0.004060513339936733,5.118070475873537e-06,-0.002086885506287217,-0.0011756442254409194,1.0,0.0,False,False
638,1,Orientation gauche,0.07366241297131751,181.27009178894264,-0.09981165081262589,-0.0011346722021698952,-0.00303936330601573,-2.682601461856393e-06,-0.002041660016402602,0.0008798715425655246,1.0,0.0,False,False
639,3,Orientation droite,-0.01679862769798454,181.25329316124464,-0.09978332370519638,-0.0011346006067469716,0.00289262761361897,1.9738165519811446e-06,-0.0020847057458013296,-0.0008373233722522855,1.0,0.0,False,False
640,1,Orientation gauche,-0.0009468533864562534,181.25234630785818,-0.09980888664722443,-0.0011346722021698952,-0.002615454141050577,-2.4048765681072837e-06,-0.002045789733529091,0.0007571801543235779,1.0,0.0,False,False
641,3,Orientation droite,-0.16680754381893045,181.08553876403926,-0.09977006912231445,-0.0011346006067469716,0.003963345196098089,3.873955847666366e-06,-0.002104785991832614,-0.0011473705526441336,1.0,0.0,False,False
642,1,Orientation gauche,-0.03642465615488241,181.04911410788438,-0.09980964660644531,-0.001134743681177497,-0.004048249218612909,-6.558018867508508e-06,-0.0020445487461984158,0.0011722554918378592,1.0,0.0,False,False
643,3,Orientation droite,0.13674984882390476,181.1858639567083,-0.09978656470775604,-0.0011346722021698952,0.0023685775231570005,3.3256030746997567e-06,-0.00207980303093791,-0.0006858081324025989,1.0,0.0,False,False
644,1,Orientation gauche,-0.0701124809599871,181.1157514757483,-0.09981384128332138,-0.0011346722021698952,-0.002783851930871606,6.607073714803846e-07,-0.0020383824594318867,0.0008055258658714592,1.0,0.0,False,False
645,3,Orientation droite,-0.12575691503906292,180.98999456070925,-0.09977731853723526,-0.0011346722021698952,0.003722577588632703,-1.4314791769720614e-06,-0.0020937491208314896,-0.0010771031957119703,1.0,0.0,False,False
646,1,Orientation gauche,0.05963440189050154,181.04962896259974,-0.09980516135692596,-0.0011346006067469716,-0.0028406286146491766,2.1694174847652903e-06,-0.002051508752629161,0.0008217726717703044,1.0,0.0,False,False
647,3,Orientation droite,-0.08867566057350437,180.96095330202624,-0.09977169334888458,-0.0011346006067469716,0.0034101135097444057,3.946139770505397e-07,-0.0021022530272603035,-0.000986879807896912,1.0,0.0,False,False
648,1,Orientation gauche,-0.03889165858543883,180.9220616434408,-0.09980621188879013,-0.001134743681177497,-0.0035168554168194532,-4.877236733591417e-06,-0.0020499019883573055,0.0010182796977460384,1.0,0.0,False,False
649,3,Orientation droite,0.08740528338266465,181.00946692682345,-0.09978342056274414,-0.0011346722021698952,0.0023308962117880583,4.6082973312877584e-06,-0.00208459934219718,-0.0006750262691639364,1.0,0.0,False,False
650,1,Orientation gauche,-0.25266326497119596,180.75680366185225,-0.099828340113163,-0.0011337422765791416,-0.004551238846033812,3.554111754056066e-05,-0.0020458505023270845,0.0007556985947303474,1.0,0.0,False,False
651,3,Orientation droite,-0.015641232859236992,180.74116242899302,-0.09978542476892471,-0.0011336707975715399,0.004385437350720167,1.6037641898947186e-06,-0.0021111161913722754,-0.0012695752084255219,1.0,0.0,False,False
652,1,Orientation gauche,0.04483186560656208,180.7859942945996,-0.09982118755578995,-0.0011337422765791416,-0.003655753331258893,-3.718927700901986e-06,-0.0020567188039422035,0.0010585812851786613,1.0,0.0,False,False
653,3,Orientation droite,-0.09908800874780319,180.6869062858518,-0.09977884590625763,-0.0011337422765791416,0.004324617795646191,1.5361098348876112e-06,-0.0021210762206465006,-0.0012519439915195107,1.0,0.0,False,False
654,1,Orientation gauche,0.007913794943243319,180.69482008079504,-0.09981775283813477,-0.0011338138720020652,-0.003965561743825674,-2.3426414372806903e-06,-0.002062085783109069,0.0011480881366878748,1.0,0.0,False,False
655,3,Orientation droite,0.06444714168694013,180.75926722248198,-0.09978838264942169,-0.0011338138720020652,0.0030057416297495365,9.043103545991471e-07,-0.0021068064961582422,-0.0008700719918124378,1.0,0.0,False,False
656,1,Orientation gauche,-0.032762642717035745,180.72650457976493,-0.09981822967529297,-0.0011336707975715399,-0.0030488665215671062,2.8286469841987127e-06,-0.0020614604000002146,0.0008821621304377913,1.0,0.0,False,False
657,3,Orientation droite,-0.14978855911514685,180.5767160206498,-0.09977684170007706,-0.0011337422765791416,0.0042252736166119576,-2.1342630134313367e-06,-0.0021243253722786903,-0.0012227136176079512,1.0,0.0,False,False
658,1,Orientation gauche,-0.005011359868396709,180.5717046607814,-0.09981594234704971,-0.0011338138720020652,-0.003995729144662619,-3.380175712663913e-06,-0.0020648837089538574,0.0011568816844373941,1.0,0.0,False,False
659,3,Orientation droite,0.07135035169320439,180.6430550124746,-0.09978695213794708,-0.0011336707975715399,0.0029670405201613903,4.821617949346546e-06,-0.002109057968482375,-0.0008592695812694728,1.0,0.0,False,False
660,1,Orientation gauche,-0.11556607556944407,180.52748893690517,-0.09982462227344513,-0.0011337422765791416,-0.0038422171492129564,-2.1302214463503333e-06,-0.0020518768578767776,0.001112279831431806,1.0,0.0,False,False
661,3,Orientation droite,-0.02419413296133996,180.50329480394385,-0.09978771209716797,-0.0011337422765791416,0.003765042871236801,-6.204276701282652e-07,-0.002107897773385048,-0.0010896092280745506,1.0,0.0,False,False
662,1,Orientation gauche,-0.01328273755195461,180.4900120663919,-0.09982309490442276,-0.0011337422765791416,-0.0036162841133773327,3.387758624739945e-07,-0.0020541048143059015,0.0010466065723448992,1.0,0.0,False,False
663,3,Orientation droite,-0.010192868697182361,180.47981919769472,-0.0997898131608963,-0.0011337422765791416,0.003400887595489621,-2.334995485853142e-07,-0.002104711253196001,-0.0009842590661719441,1.0,0.0,False,False
664,1,Orientation gauche,-0.015767289012230207,180.4640519086825,-0.09982176125049591,-0.0011338138720020652,-0.0032753418199718,-2.3155268991104094e-06,-0.0020559821277856827,0.0009481830638833344,1.0,0.0,False,False
665,3,Orientation droite,-0.07350423538848957,180.390547673294,-0.09978561103343964,-0.0011336707975715399,0.0036915752571076155,5.525600954570109e-06,-0.002110931323841214,-0.00106901116669178,1.0,0.0,False,False
666,1,Orientation gauche,0.05939394944055579,180.44994162273457,-0.09981317818164825,-0.0011335993185639381,-0.002811905462294817,1.6948611119005363e-06,-0.0020691067911684513,0.0008136243559420109,1.0,0.0,False,False
667,3,Orientation droite,-0.10089539887172513,180.34904622386284,-0.09977884590625763,-0.0011335277231410146,0.003503053216263652,2.4789706003502943e-06,-0.002121243393048644,-0.001014066394418478,1.0,0.0,False,False
668,1,Orientation gauche,-0.06355047851554538,180.2854957453473,-0.0998167023062706,-0.0011337422765791416,-0.00385812995955348,-9.234854587703012e-06,-0.002063800347968936,0.0011176109546795487,1.0,0.0,False,False
669,3,Orientation droite,0.07881430437878592,180.3643100497261,-0.0997898131608963,-0.0011336707975715399,0.0027558773290365934,2.2995702693151543e-06,-0.002104812767356634,-0.0007978329667821527,1.0,0.0,False,False
670,1,Orientation gauche,-0.17923782489598203,180.18507222483012,-0.09983177483081818,-0.0011331700952723622,-0.004250634927302599,1.7375619790982455e-05,-0.002060445724055171,0.0008684993954375386,1.0,0.0,False,False
671,3,Orientation droite,0.07147510800211279,180.25654733283224,-0.09980020672082901,-0.0011330986162647605,0.0032195572275668383,2.442554887238657e-06,-0.0021083722822368145,-0.0009322407422587276,1.0,0.0,False,False
672,1,Orientation gauche,0.073851497224273,180.3303988300565,-0.09982166439294815,-0.0011331700952723622,-0.0021922029554843903,-2.116550604114309e-06,-0.002075754338875413,0.0006348243332467973,1.0,0.0,False,False
673,1,Orientation gauche,-0.33837752243324526,179.99202130762328,-0.09987392276525497,-0.0011329555418342352,-0.00522347167134285,1.0254778317175806e-05,-0.0020759962499141693,-4.640421138901729e-06,1.0,0.0,False,False
674,1,Orientation gauche,-0.638829547147467,179.3531917604758,-0.09998588263988495,-0.0011329555418342352,-0.011199800297617912,6.230189910638728e-07,-0.00207601860165596,-2.91726649948032e-07,1.0,0.0,False,False
675,3,Orientation droite,0.9281922050859504,180.28138396556176,-0.09997014701366425,-0.001133027020841837,0.0016096733743324876,-3.194316832377808e-06,-0.0020999545231461525,-0.00046560223563574255,1.0,0.0,False,False
676,1,Orientation gauche,-0.2107343164852746,180.07064964907647,-0.1000039130449295,-0.0011310959234833717,-0.0033984400797635317,8.496284863213077e-05,-0.002083736239001155,0.0003230967267882079,1.0,0.0,False,False
677,3,Orientation droite,-0.0804552384984791,179.990194410578,-0.09996585547924042,-0.0011311674024909735,0.0038843012880533934,-1.8319027503821417e-06,-0.002141537144780159,-0.0011242786422371864,1.0,0.0,False,False
678,1,Orientation gauche,-0.012420001347357185,179.97777440923065,-0.1000024825334549,-0.0011310959234833717,-0.003727322444319725,2.2826566237199586e-06,-0.002086097840219736,0.0010787765495479107,1.0,0.0,False,False
679,3,Orientation droite,-0.11442375265982171,179.86335065657082,-0.09995803982019424,-0.0011311674024909735,0.004548330791294575,-3.343812750244979e-06,-0.002153764246031642,-0.0013163003604859114,1.0,0.0,False,False
680,1,Orientation gauche,0.04223968891054966,179.90559034548136,-0.09999570995569229,-0.0011310959234833717,-0.003845472354441881,2.1968774035485694e-06,-0.0020965593867003918,0.0011129566701129079,1.0,0.0,False,False
681,3,Orientation droite,-0.051759827137357134,179.853830518344,-0.09995603561401367,-0.0011311674024909735,0.004042598884552717,-2.593899807834532e-06,-0.0021567002404481173,-0.0011699290480464697,1.0,0.0,False,False
682,1,Orientation gauche,-0.05751819753924067,179.79631232080476,-0.09999857097864151,-0.0011310959234833717,-0.004339780192822218,1.8671902353162295e-06,-0.0020921709947288036,0.0012560507748275995,1.0,0.0,False,False
683,3,Orientation droite,0.12662018800734146,179.9229325088121,-0.09997167438268661,-0.0011310959234833717,0.00275941239669919,9.354369012726238e-07,-0.002133229048922658,-0.0007988311117514968,1.0,0.0,False,False
684,1,Orientation gauche,-0.08210856652795925,179.84082394228415,-0.1000039130449295,-0.0011310959234833717,-0.0032973233610391617,2.1194524890688626e-07,-0.0020841718651354313,0.0009543808409944177,1.0,0.0,False,False
685,3,Orientation droite,-0.1903699037874584,179.6504540384967,-0.09995631873607635,-0.0011310243280604482,0.004876038990914822,3.8555494938918855e-06,-0.002156740054488182,-0.0014117754762992263,1.0,0.0,False,False
686,1,Orientation gauche,0.095135143305938,179.74558918180261,-0.09999199211597443,-0.0011311674024909735,-0.0036432482302188873,-5.325773145159474e-06,-0.0021025100722908974,0.0010551169980317354,1.0,0.0,False,False
687,3,Orientation droite,0.08501567260321721,179.83060485440583,-0.09996776282787323,-0.0011310243280604482,0.0024803834967315197,5.096523636893835e-06,-0.0021394400391727686,-0.0007184662972576916,1.0,0.0,False,False
688,1,Orientation gauche,-0.07426182155641278,179.75634303284943,-0.09999656677246094,-0.0011310959234833717,-0.0029379467014223337,-4.691507911047665e-06,-0.002095696749165654,0.0008508710889145732,1.0,0.0,False,False
689,3,Orientation droite,-0.15142193610352692,179.6049210967459,-0.09995603561401367,-0.0011310243280604482,0.00413120910525322,2.6571428861643653e-06,-0.0021571859251707792,-0.0011960358824580908,1.0,0.0,False,False
690,1,Orientation gauche,0.08188874669327653,179.68680984343916,-0.09998559951782227,-0.0011310243280604482,-0.003027780447155237,4.0651357835486124e-07,-0.0021121660247445107,0.0008763590594753623,1.0,0.0,False,False
691,3,Orientation droite,-0.11886850839276406,179.5679413350464,-0.09994707256555557,-0.001130595221184194,0.003911315463483334,1.287070699618198e-05,-0.0021558254957199097,-0.0008559930138289928,1.0,0.0,False,False
692,1,Orientation gauche,-0.007288367946915314,179.5606529670995,-0.09998331218957901,-0.001130595221184194,-0.0037030926905572414,4.849600259149156e-07,-0.0021007158793509007,0.0010719881393015385,1.0,0.0,False,False
693,3,Orientation droite,0.08201297044775593,179.64266593754724,-0.09995822608470917,-0.001130595221184194,0.0025698095560073853,-9.527624023064618e-09,-0.00213894946500659,-0.0007439322653226554,1.0,0.0,False,False
694,1,Orientation gauche,-0.12435049727910716,179.51831544026814,-0.09999284893274307,-0.0011306667001917958,-0.0035312692634761333,-4.221001745463582e-06,-0.002086375141516328,0.0010227079037576914,1.0,0.0,False,False
695,3,Orientation droite,0.005609283970035933,179.52392472423819,-0.09996195137500763,-0.0011306667001917958,0.0031590592116117477,-2.664271221419767e-07,-0.0021333920303732157,-0.000914447009563446,1.0,0.0,False,False
696,1,Orientation gauche,0.022795201765819756,179.54671992600402,-0.0999877005815506,-0.0011306667001917958,-0.002644710708409548,-1.0354114010624471e-06,-0.002094040857627988,0.0007657194510102272,1.0,0.0,False,False
697,3,Orientation droite,-0.13822389354579442,179.40849603245823,-0.0999513640999794,-0.0011304521467536688,0.003708045231178403,9.155744919553399e-06,-0.0021492692176252604,-0.0010743902530521154,1.0,0.0,False,False
698,1,Orientation gauche,-0.120982317528022,179.2875137149302,-0.09999676048755646,-0.0011305236257612705,-0.004641582258045673,-4.488556896831142e-06,-0.002080171834677458,0.0013441600603982806,1.0,0.0,False,False
699,3,Orientation droite,0.15660283089725205,179.44411654582746,-0.09996967017650604,-0.0011305236257612705,0.0027615190483629704,-6.468113156188338e-07,-0.0021212913561612368,-0.0007993258768692613,1.0,0.0,False,False
700,1,Orientation gauche,0.0011885704332652847,179.44530511626073,-0.09999370574951172,-0.0011304521467536688,-0.0024622457567602396,2.417197265458526e-06,-0.002084647538140416,0.0007125156698748469,1.0,0.0,False,False
701,3,Orientation droite,-0.14051964440705575,179.30478547185368,-0.09995899349451065,-0.0011304521467536688,0.0035493120085448027,4.957706778441207e-07,-0.002137490315362811,-0.0010275149252265692,1.0,0.0,False,False
702,1,Orientation gauche,0.028113253009960176,179.33289872486364,-0.0999881774187088,-0.001130595221184194,-0.0029834348242729902,-5.056361715105595e-06,-0.002093048533424735,0.000864204135723412,1.0,0.0,False,False
703,3,Orientation droite,-0.01668404255672115,179.3162146823069,-0.09996052086353302,-0.0011304521467536688,0.0028357035480439663,4.947762135998346e-06,-0.00213527656160295,-0.000821424531750381,1.0,0.0,False,False
704,1,Orientation gauche,-0.09702042599435742,179.21919425631256,-0.09999503940343857,-0.0011305236257612705,-0.0035238522104918957,-2.1133532754902262e-06,-0.0020828142296522856,0.0010203347774222493,1.0,0.0,False,False
705,3,Orientation droite,0.015853059201730774,179.2350473155143,-0.09996519237756729,-0.0011305236257612705,0.003049766179174185,2.2069293663662393e-06,-0.002128217602148652,-0.000883083906956017,1.0,0.0,False,False
706,1,Orientation gauche,-0.114581220915668,179.1204660945986,-0.10000362247228622,-0.0011306667001917958,-0.0039154584519565105,-7.146540610847296e-06,-0.0020698995795100927,0.0011342124780640006,1.0,0.0,False,False
707,3,Orientation droite,-0.07471912544415346,179.04574696915446,-0.09996108710765839,-0.001130595221184194,0.004340569954365492,4.544751845969586e-06,-0.0021345154382288456,-0.0012570064282044768,1.0,0.0,False,False
708,1,Orientation gauche,0.1546892873246091,179.20043625647907,-0.09998559951782227,-0.0011306667001917958,-0.002506481483578682,-3.4480676731618587e-06,-0.0020972024649381638,0.0007259130943566561,1.0,0.0,False,False
709,3,Orientation droite,-0.1331280262347618,179.0673082302443,-0.09995107352733612,-0.001130595221184194,0.0035198696423321962,3.749650659301551e-06,-0.002149616600945592,-0.0010193162597715855,1.0,0.0,False,False
710,1,Orientation gauche,-0.07432647737595907,178.99298175286833,-0.09999017417430878,-0.001130595221184194,-0.00398331368342042,-6.434231067942164e-07,-0.002090341178700328,0.0011531540658324957,1.0,0.0,False,False
711,3,Orientation droite,0.008536853768071923,179.0015186066364,-0.09995517879724503,-0.0011305236257612705,0.0035796710290014744,2.243501739940257e-06,-0.002143613062798977,-0.0010364584159106016,1.0,0.0,False,False
712,1,Orientation gauche,-0.08942228483551837,178.9120963218009,-0.09999628365039825,-0.0011305236257612705,-0.004195231944322586,-1.4016342220202205e-06,-0.002081174636259675,0.0012145654764026403,1.0,0.0,False,False
713,3,Orientation droite,-0.012191129115799199,178.8999051926851,-0.09995708614587784,-0.0011304521467536688,0.0039968341588974,4.55289500678191e-06,-0.0021406756713986397,-0.0011574596865102649,1.0,0.0,False,False
714,1,Orientation gauche,-0.04617006507047591,178.85373512761464,-0.0999980941414833,-0.001130595221184194,-0.004179759416729212,-6.522272997244727e-06,-0.002078441670164466,0.0012106748763471842,1.0,0.0,False,False
715,3,Orientation droite,0.030144235839960204,178.8838793634546,-0.09996318817138672,-0.001130595221184194,0.003560249460861087,1.434697622926251e-07,-0.0021314164623618126,-0.0010306283365935087,1.0,0.0,False,False
716,1,Orientation gauche,0.038728351603919436,178.92260771505852,-0.09999151527881622,-0.001130595221184194,-0.00288763246499002,-1.3551533584177378e-06,-0.002088427310809493,0.0008360431529581547,1.0,0.0,False,False
717,3,Orientation droite,-0.1588342767865558,178.76377343827195,-0.09995069354772568,-0.0011305236257612705,0.004154932219535112,2.8111774099670583e-06,-0.002150285290554166,-0.0012030559591948986,1.0,0.0,False,False
718,1,Orientation gauche,-0.012995528554100771,178.75077790971784,-0.09998998790979385,-0.0011304521467536688,-0.004005189519375563,3.305827476651757e-06,-0.0020906946156173944,0.0011590559734031558,1.0,0.0,False,False
719,3,Orientation droite,0.08050063527477327,178.8312785449926,-0.09996175765991211,-0.0011305236257612705,0.0028854752890765667,-2.8602958082046825e-06,-0.002133628586307168,-0.0008350146235898137,1.0,0.0,False,False
720,1,Orientation gauche,-0.014882031625476272,178.81639651336712,-0.09998855739831924,-0.001130595221184194,-0.002748419065028429,-3.2741706945671467e-06,-0.002092707436531782,0.0007959379581734538,1.0,0.0,False,False
721,3,Orientation droite,-0.023955125560352925,178.79244138780678,-0.099962517619133,-0.0011305236257612705,0.0026741877663880587,4.452571829460794e-06,-0.002132522640749812,-0.000774567190092057,1.0,0.0,False,False
722,1,Orientation gauche,-0.19796326885925694,178.5944781189475,-0.10000543296337128,-0.0011302375933155417,-0.00436292914673686,6.287326868914533e-06,-0.0020805036183446646,0.0010209373431280255,1.0,0.0,False,False
723,3,Orientation droite,0.04337719609436988,178.6378553150419,-0.09997005760669708,-0.0011300945188850164,0.0036107469350099564,6.627080438192934e-06,-0.002134293084964156,-0.001046140561811626,1.0,0.0,False,False
724,1,Orientation gauche,0.0487250539085651,178.68658036895044,-0.09999780356884003,-0.0011300945188850164,-0.002837987383827567,-9.007926564663649e-07,-0.002092057839035988,0.000821795198135078,1.0,0.0,False,False
725,3,Orientation droite,-0.17289506511942207,178.513685303831,-0.09995622932910919,-0.0011301659978926182,0.004245338030159473,-3.0311250611703144e-06,-0.002155233873054385,-0.0012288233265280724,1.0,0.0,False,False
726,1,Orientation gauche,0.059789768385434955,178.57347507221644,-0.09998922049999237,-0.0011300945188850164,-0.003364474978297949,4.369625912659103e-06,-0.002105202991515398,0.0009736387873999774,1.0,0.0,False,False
727,3,Orientation droite,0.05124906364210283,178.62472413585854,-0.09996442496776581,-0.0011300945188850164,0.0025389976799488068,-2.927826017184998e-07,-0.0021429865155369043,-0.0007350795203819871,1.0,0.0,False,False
728,1,Orientation gauche,-0.09300272212910585,178.53172141372943,-0.09999561309814453,-0.0011302375933155417,-0.003185270819813013,-6.580593435501214e-06,-0.0020955491345375776,0.0009229032439179718,1.0,0.0,False,False
729,3,Orientation droite,0.011059902248694159,178.54278131597812,-0.09996862709522247,-0.0011302375933155417,0.0027605739887803793,1.441394829271303e-06,-0.0021366404835134745,-0.0007993959006853402,1.0,0.0,False,False
730,1,Orientation gauche,-0.03295065974791164,178.5098306562302,-0.09999608993530273,-0.0011301659978926182,-0.0028043282218277454,3.3308349429717055e-06,-0.002094927942380309,0.0008115102536976337,1.0,0.0,False,False
731,3,Orientation droite,-0.07365974584259646,178.4361709103876,-0.09996452182531357,-0.0011302375933155417,0.003224508138373494,-3.0920220979169244e-06,-0.002142909914255142,-0.0009331922046840191,1.0,0.0,False,False
732,1,Orientation gauche,-0.09227964415883846,178.34389126622875,-0.10000238567590714,-0.0011303090723231435,-0.0038670008070766926,-2.888297558456543e-06,-0.0020853548776358366,0.0011198311112821102,1.0,0.0,False,False
733,3,Orientation droite,0.00012117667967828649,178.34401244290842,-0.0999675765633583,-0.0011302375933155417,0.0035477846395224333,1.9348497062310344e-06,-0.0021381673868745565,-0.001027306541800499,1.0,0.0,False,False
734,1,Orientation gauche,0.02515881170443038,178.36917125461287,-0.09999704360961914,-0.0011301659978926182,-0.0030115353874862194,2.4557598408136982e-06,-0.002093362156301737,0.0008715614676475525,1.0,0.0,False,False
735,3,Orientation droite,-0.15953434907669248,178.20963690553617,-0.09995508193969727,-0.0011300945188850164,0.004285050556063652,2.273017798870569e-06,-0.0021571507677435875,-0.001240773475728929,1.0,0.0,False,False
736,1,Orientation gauche,0.11746774999975365,178.32710465553592,-0.09998273849487305,-0.0011301659978926182,-0.002824756782501936,-2.9176235329941846e-06,-0.002115110633894801,0.0008181182784028351,1.0,0.0,False,False
737,3,Orientation droite,0.049350086230958184,178.37645474176688,-0.0999629944562912,-0.0011300945188850164,0.0020208857022225857,4.2809024307643995e-06,-0.0021452184300869703,-0.0005855305353179574,1.0,0.0,False,False
738,1,Orientation gauche,-0.23916480716416608,178.1372899346027,-0.1000034362077713,-0.0011302375933155417,-0.004133650101721287,-5.834681815031217e-06,-0.0020836677867919207,0.0011973244836553931,1.0,0.0,False,False
739,3,Orientation droite,-0.006294536301598014,178.1309953983011,-0.09996537864208221,-0.0011300945188850164,0.0038769140373915434,4.784072643815307e-06,-0.0021414009388536215,-0.001122868969105184,1.0,0.0,False,False
740,1,Orientation gauche,0.00908893914883116,178.14008433744993,-0.09999971091747284,-0.0011301659978926182,-0.0035038553178310394,-3.7614727261825465e-06,-0.0020892403554171324,0.0010147427674382925,1.0,0.0,False,False
741,3,Orientation droite,-0.024256789651414506,178.11582754779852,-0.09996604919433594,-0.0011300945188850164,0.0034290223848074675,3.895150712196482e-06,-0.0021403043065220118,-0.0009931095410138369,1.0,0.0,False,False
742,1,Orientation gauche,-0.03483606461893515,178.0809914831796,-0.1000002846121788,-0.0011301659978926182,-0.0034951786510646343,-1.899183075693145e-06,-0.0020882748067378998,0.001012069871649146,1.0,0.0,False,False
743,3,Orientation droite,-0.05679752352998044,178.0241939596496,-0.09996356815099716,-0.0011300945188850164,0.003744104178622365,3.7549248190771323e-06,-0.002144038211554289,-0.001084288815036416,1.0,0.0,False,False
744,1,Orientation gauche,-0.04311218129425207,177.98108177835536,-0.10000171512365341,-0.0011303090723231435,-0.003895081579685211,-8.17379532236373e-06,-0.0020860289223492146,0.0011284979991614819,1.0,0.0,False,False
745,3,Orientation droite,0.0585332676521049,178.03961504600747,-0.09997234493494034,-0.0011302375933155417,0.0029945485293865204,4.117139269510517e-06,-0.0021306071430444717,-0.0008673428674228489,1.0,0.0,False,False
746,1,Orientation gauche,0.013790709076040103,178.0534057550835,-0.09999742358922958,-0.0011303090723231435,-0.0025698081590235233,-2.573014398876694e-06,-0.002092361217364669,0.0007442127680405974,1.0,0.0,False,False
747,3,Orientation droite,-0.22437944895851267,177.829026306125,-0.0999535545706749,-0.0011301659978926182,0.004490591585636139,6.751968157914234e-06,-0.002159236231818795,-0.001300694071687758,1.0,0.0,False,False
748,1,Orientation gauche,0.009944780372657364,177.83897108649765,-0.09999389946460724,-0.0011302375933155417,-0.004112041089683771,-3.851241217489587e-06,-0.0020980036351829767,0.0011908197775483131,1.0,0.0,False,False
749,3,Orientation droite,0.08620141839084575,177.9251725048885,-0.09996519237756729,-0.0011301659978926182,0.0029350374825298786,3.1422484880749835e-06,-0.0021416975650936365,-0.0008499909308739007,1.0,0.0,False,False
750,1,Orientation gauche,-0.0438140344286608,177.88135847045984,-0.09999541938304901,-0.0011302375933155417,-0.003088934114202857,-2.489335429345374e-06,-0.002095711650326848,0.0008944908040575683,1.0,0.0,False,False
751,3,Orientation droite,-0.15227204154684834,177.729086428913,-0.09995327144861221,-0.0011302375933155417,0.004289955832064152,5.218447540755733e-07,-0.002159561263397336,-0.0012419226113706827,1.0,0.0,False,False
752,1,Orientation gauche,0.054292791905719257,177.78337922081872,-0.0999872237443924,-0.0011303090723231435,-0.0034646433778107166,-2.8788379040634027e-06,-0.0021079950965940952,0.0010032533900812268,1.0,0.0,False,False
753,3,Orientation droite,0.014153141660206786,177.79753236247893,-0.09995784610509872,-0.0011303090723231435,0.003007719060406089,1.3389052355705644e-06,-0.002152760047465563,-0.0008708277600817382,1.0,0.0,False,False
754,1,Orientation gauche,-0.0829311624919746,177.71460119998696,-0.09999265521764755,-0.001130380667746067,-0.0035551530309021473,-2.258094809803879e-06,-0.002099829725921154,0.0010294124949723482,1.0,0.0,False,False
755,3,Orientation droite,0.033710785031833695,177.7483119850188,-0.09996433556079865,-0.0011303090723231435,0.0029031457379460335,4.223946234560572e-06,-0.002143049845471978,-0.0008408674038946629,1.0,0.0,False,False
756,1,Orientation gauche,-0.04815453818708157,177.70015744683172,-0.09999465942382812,-0.001130380667746067,-0.0031005307100713253,-4.548001925286371e-06,-0.002096884185448289,0.0008980381535366178,1.0,0.0,False,False
757,3,Orientation droite,-0.13186071198168633,177.56829673485004,-0.09995441138744354,-0.0011303090723231435,0.004098355770111084,1.7580493931745877e-06,-0.002157912589609623,-0.0011866108980029821,1.0,0.0,False,False
758,1,Orientation gauche,-0.01698502201718341,177.55131171283284,-0.0999935120344162,-0.0011302375933155417,-0.003988456912338734,2.187338168369024e-06,-0.0020985642913728952,0.0011543927248567343,1.0,0.0,False,False
759,3,Orientation droite,-0.002941878683911908,177.54836983414893,-0.09995727241039276,-0.0011301659978926182,0.0036990500520914793,2.8278188892727485e-06,-0.0021536273416131735,-0.0010711259674280882,1.0,0.0,False,False
760,1,Orientation gauche,-0.08518671422198551,177.46318311992695,-0.09999914467334747,-0.0011303090723231435,-0.004272668622434139,-5.483656877913745e-06,-0.0020900084637105465,0.001237485557794571,1.0,0.0,False,False
761,3,Orientation droite,0.018990614512403498,177.48217373443936,-0.09996223449707031,-0.0011302375933155417,0.0037636279594153166,3.924201791960513e-06,-0.0021460498683154583,-0.0010899228509515524,1.0,0.0,False,False
762,1,Orientation gauche,0.03602284087287913,177.51819657531223,-0.09999275207519531,-0.0011303090723231435,-0.003119321074336767,-2.43019849222037e-06,-0.0020996129605919123,0.0009032177622430027,1.0,0.0,False,False
763,3,Orientation droite,-0.019466372811591554,177.49873020250064,-0.0999634712934494,-0.001130380667746067,0.002998641924932599,-1.8736532183538657e-06,-0.0021442314609885216,-0.0008678608573973179,1.0,0.0,False,False
764,1,Orientation gauche,-0.0189850934615243,177.4797451090391,-0.0999917984008789,-0.0011302375933155417,-0.0029033366590738297,5.951626462774584e-06,-0.002101061400026083,0.000839793705381453,1.0,0.0,False,False
765,3,Orientation droite,-0.0031096034436337294,177.47663550559545,-0.0999661460518837,-0.001130380667746067,0.002621100516989827,-5.748685907747131e-06,-0.0021400440018624067,-0.0007581078680232167,1.0,0.0,False,False
766,1,Orientation gauche,-0.045951518320832746,177.43068398727462,-0.0999935120344162,-0.001130380667746067,-0.002794845262542367,1.0724068033596268e-06,-0.0020984518341720104,0.0008089146576821804,1.0,0.0,False,False
767,3,Orientation droite,-0.16937311190548307,177.26131087536913,-0.09995269775390625,-0.0011303090723231435,0.0041673434898257256,4.647045898309443e-06,-0.0021604979410767555,-0.0012068460928276181,1.0,0.0,False,False
768,1,Orientation gauche,0.06704721038942843,177.32835808575857,-0.0999840721487999,-0.001130380667746067,-0.0032133429776877165,-4.042361069878098e-06,-0.002112651476636529,0.0009306353749707341,1.0,0.0,False,False
769,3,Orientation droite,-0.02511106641121394,177.30324701934734,-0.09995327144861221,-0.0011302375933155417,0.003148365067318082,5.615916506940266e-06,-0.002159541007131338,-0.0009119738824665546,1.0,0.0,False,False
770,1,Orientation gauche,-0.0877055096567669,177.21554150969058,-0.09998998790979385,-0.0011303090723231435,-0.0037444415502250195,-2.3932054773467826e-06,-0.0021038088016211987,0.001084187999367714,1.0,0.0,False,False
771,3,Orientation droite,0.032442512940121376,177.2479840226307,-0.09995965659618378,-0.001130380667746067,0.003104172646999359,-4.195557721686782e-06,-0.0021499746944755316,-0.0008981421706266701,1.0,0.0,False,False
772,1,Orientation gauche,-0.03288031352619278,177.2151037091045,-0.09999046474695206,-0.0011303090723231435,-0.0031490339897572994,1.8876681906476733e-06,-0.002103117760270834,0.0009113491396419704,1.0,0.0,False,False
773,3,Orientation droite,-0.11009219747189711,177.10501151163263,-0.09995202720165253,-0.0011302375933155417,0.00392988370731473,3.976797870564042e-06,-0.002161620184779167,-0.0011380317155271769,1.0,0.0,False,False
774,1,Orientation gauche,-0.02865612170123441,177.0763553899314,-0.09999056160449982,-0.0011303090723231435,-0.003936516121029854,-1.821902174015122e-06,-0.002103023696690798,0.0011397376656532288,1.0,0.0,False,False
775,3,Orientation droite,0.03488852120760491,177.11124391113898,-0.09995861351490021,-0.0011303090723231435,0.0032708935905247927,8.52456992106454e-07,-0.0021517074201256037,-0.0009469453361816704,1.0,0.0,False,False
776,1,Orientation gauche,-0.10939010042841055,177.00185381071057,-0.09999857097864151,-0.0011304521467536688,-0.004085681401193142,-6.098581252445001e-06,-0.002090858295559883,0.0011833969037979841,1.0,0.0,False,False
777,3,Orientation droite,0.020311465112049093,177.02216527582263,-0.09996366500854492,-0.001130380667746067,0.0035644143354147673,3.173677669110475e-06,-0.0021439166739583015,-0.0010321201989427209,1.0,0.0,False,False
778,1,Orientation gauche,-0.0012116088212994203,177.02095366700132,-0.09999589622020721,-0.0011304521467536688,-0.0032933219335973263,-3.808334213317721e-06,-0.0020948913879692554,0.0009537612786516547,1.0,0.0,False,False
779,3,Orientation droite,-0.04381165033173737,176.97714201666957,-0.09996242821216583,-0.0011303090723231435,0.0034140709321945906,5.024546226195525e-06,-0.0021457308903336525,-0.0009888318600133061,1.0,0.0,False,False
780,1,Orientation gauche,0.012987371564205291,176.99012938823378,-0.0999917984008789,-0.001130380667746067,-0.002999496879056096,-4.503305262915092e-06,-0.0021010595373809338,0.0008687687222845852,1.0,0.0,False,False
781,3,Orientation droite,-0.05208974356773119,176.93803964466605,-0.09996042400598526,-0.0011302375933155417,0.003204061184078455,5.692065769835608e-06,-0.0021487665362656116,-0.0009280897793360054,1.0,0.0,False,False
782,1,Orientation gauche,-0.12229124301537972,176.81574840165067,-0.10000114142894745,-0.0011302375933155417,-0.004147992469370365,6.127394271970843e-07,-0.0020870331209152937,0.001200703321956098,1.0,0.0,False,False
783,3,Orientation droite,0.08226619785835901,176.89801459950903,-0.09997157752513885,-0.0011302375933155417,0.0030100983567535877,-1.9450574484380923e-08,-0.0021318274084478617,-0.0008713069255463779,1.0,0.0,False,False
784,1,Orientation gauche,-0.0026580074264266063,176.8953565920826,-0.09999847412109375,-0.0011303090723231435,-0.002750733634456992,-1.7045458662323654e-06,-0.0020908790174871683,0.0007964659598655999,1.0,0.0,False,False
785,3,Orientation droite,-0.1501266510539707,176.74522994102864,-0.09995994716882706,-0.001130380667746067,0.003932022489607334,-1.5994087334547658e-06,-0.002149381907656789,-0.0011380260111764073,1.0,0.0,False,False
786,1,Orientation gauche,0.01961103506177267,176.76484097609043,-0.09999380260705948,-0.0011304521467536688,-0.00345346936956048,-3.024054876732407e-06,-0.002097969874739647,0.0010000091278925538,1.0,0.0,False,False
787,3,Orientation droite,0.04682436939449566,176.81166534548493,-0.09996767342090607,-0.001130380667746067,0.00267158355563879,2.6029379114334006e-06,-0.0021377417724579573,-0.0007736266124993563,1.0,0.0,False,False
788,1,Orientation gauche,-0.025538666824478112,176.78612667866045,-0.0999935120344162,-0.001130380667746067,-0.0026404301170259714,-6.456408527810709e-07,-0.0020984401926398277,0.0007644238648936152,1.0,0.0,False,False
789,3,Orientation droite,-0.18739967341414918,176.5987270052463,-0.09995241463184357,-0.0011303090723231435,0.004193089436739683,3.7039721973997075e-06,-0.0021608774550259113,-0.0012142022605985403,1.0,0.0,False,False
790,1,Orientation gauche,0.004743743351539181,176.60347074859783,-0.09999017417430878,-0.0011303090723231435,-0.0038654026575386524,5.666719289365574e-07,-0.0021033654920756817,0.0011188938515260816,1.0,0.0,False,False
791,3,Orientation droite,-0.004335448590984753,176.59913530000685,-0.09995508193969727,-0.0011302375933155417,0.0035904229152947664,2.0563234102155548e-06,-0.0021567929070442915,-0.0010395615827292204,1.0,0.0,False,False
792,1,Orientation gauche,-0.048163273364262266,176.5509720266426,-0.09999227523803711,-0.0011303090723231435,-0.0037912975531071424,-2.823392605932895e-06,-0.0021003587171435356,0.0010977836791425943,1.0,0.0,False,False
793,3,Orientation droite,-0.030471717386977487,176.52050030925562,-0.09995527565479279,-0.0011303090723231435,0.0037768217734992504,-3.415203480017226e-07,-0.0021565528586506844,-0.001093246741220355,1.0,0.0,False,False
794,1,Orientation gauche,0.008644496060896928,176.52914480531652,-0.099988654255867,-0.0011304521467536688,-0.0034077290911227465,-4.945910859532887e-06,-0.002105819061398506,0.0009870084468275309,1.0,0.0,False,False
795,3,Orientation droite,0.002106479521724297,176.53125128483825,-0.09995861351490021,-0.001130380667746067,0.0030709966085851192,1.7106401628552703e-06,-0.002151529537513852,-0.0008891561883501709,1.0,0.0,False,False
796,1,Orientation gauche,-0.09837183429471416,176.43287945054354,-0.09999561309814453,-0.0011303090723231435,-0.0037738748360425234,1.67596056144248e-06,-0.0020953703206032515,0.0010922516230493784,1.0,0.0,False,False
797,3,Orientation droite,0.009185693972887848,176.44206514451642,-0.09996261447668076,-0.0011303090723231435,0.0033649378456175327,9.707578101370018e-07,-0.0021454456727951765,-0.0009741801768541336,1.0,0.0,False,False
798,1,Orientation gauche,-0.02227743964129189,176.41978770487512,-0.09999503940343857,-0.0011303090723231435,-0.003304482204839587,8.401257218793035e-07,-0.0020962527487426996,0.0009564928477630019,1.0,0.0,False,False
799,3,Orientation droite,-0.03546936695417166,176.38431833792094,-0.09996233135461807,-0.001130380667746067,0.0033421579282730818,-3.1385861802846193e-06,-0.002145977457985282,-0.0009671340812928975,1.0,0.0,False,False
800,1,Orientation gauche,0.03670137282324795,176.4210197107442,-0.099988654255867,-0.0011302375933155417,-0.002688809297978878,4.998028998670634e-06,-0.0021059911232441664,0.0007778277504257858,1.0,0.0,False,False
801,3,Orientation droite,-0.149017428102703,176.2720022826415,-0.09995079040527344,-0.0011302375933155417,0.0038593951612710953,8.188387141672138e-07,-0.002163442550227046,-0.001117312116548419,1.0,0.0,False,False
802,1,Orientation gauche,-0.03905006945181874,176.23295221318966,-0.09998969733715057,-0.001130380667746067,-0.003970092162489891,-7.5496704994293395e-06,-0.0021043301094323397,0.0011500803520902991,1.0,0.0,False,False
803,3,Orientation droite,0.07882224445478528,176.31177445764445,-0.09996156394481659,-0.0011303090723231435,0.0028673207852989435,1.9918675207009073e-06,-0.002147017978131771,-0.0008302073110826313,1.0,0.0,False,False
804,1,Orientation gauche,-0.08934577828554843,176.2224286793589,-0.09999570995569229,-0.0011302375933155417,-0.0034784015733748674,1.6993212739180308e-06,-0.0020952566992491484,0.001006731647066772,1.0,0.0,False,False
805,3,Orientation droite,-0.018041584379059755,176.20438709497984,-0.0999629944562912,-0.0011301659978926182,0.0033417760860174894,3.873014975397382e-06,-0.0021450058557093143,-0.0009677683119662106,1.0,0.0,False,False
806,1,Orientation gauche,0.04501840813574923,176.24940550311558,-0.09998846054077148,-0.0011303090723231435,-0.002604913432151079,-4.923802862322191e-06,-0.0021062190644443035,0.0007545802509412169,1.0,0.0,False,False
807,3,Orientation droite,-0.07938567325086573,176.1700198298647,-0.09995832294225693,-0.0011302375933155417,0.003083006711676717,4.49967228632886e-06,-0.00215211883187294,-0.0008929260075092316,1.0,0.0,False,False
808,1,Orientation gauche,-0.14599135085809387,176.02402847900663,-0.10000009834766388,-0.001130380667746067,-0.004264639690518379,-5.311651875672396e-06,-0.0020886294078081846,0.0012351047480478883,1.0,0.0,False,False
809,3,Orientation droite,-0.04604383772774831,175.97798464127888,-0.09995698928833008,-0.001130380667746067,0.004402666352689266,1.40176996410446e-06,-0.00215414771810174,-0.001274607377126813,1.0,0.0,False,False
810,1,Orientation gauche,0.15049929033042034,176.1284839316093,-0.09998254477977753,-0.001130380667746067,-0.0026109705213457346,-3.23318829487107e-07,-0.0021152938716113567,0.0007558008073829114,1.0,0.0,False,False
811,3,Orientation droite,-0.15451398004980874,175.9739699515595,-0.09994430840015411,-0.0011291647097095847,0.003862665267661214,4.903915760223754e-05,-0.0021466813050210476,-0.0006119841709733009,1.0,0.0,False,False
812,1,Orientation gauche,-0.009690417737621998,175.96427953382187,-0.09998035430908203,-0.0011292361887171865,-0.0036786068230867386,-4.424788585311035e-06,-0.002091905102133751,0.0010656265076249838,1.0,0.0,False,False
813,3,Orientation droite,0.038149841968297765,176.00242937579017,-0.09995117038488388,-0.0011291647097095847,0.002981895115226507,3.265400209784275e-06,-0.00213630055077374,-0.0008637041901238263,1.0,0.0,False,False
814,1,Orientation gauche,-0.17247692841402504,175.82995244737614,-0.0999944657087326,-0.0011292361887171865,-0.004429311025887728,-4.049422386742663e-06,-0.0020703591872006655,0.0012828632025048137,1.0,0.0,False,False
815,3,Orientation droite,0.07087789271285352,175.900830340089,-0.09996108710765839,-0.0011290931142866611,0.0034032296389341354,7.214713150460739e-06,-0.0021210338454693556,-0.0009861306753009558,1.0,0.0,False,False
816,1,Orientation gauche,0.06719952598399395,175.96802986607298,-0.09998492896556854,-0.0011292361887171865,-0.002443802310153842,-7.496600574086187e-06,-0.002084620064124465,0.000708366627804935,1.0,0.0,False,False
817,3,Orientation droite,-0.09976955209035296,175.86826031398263,-0.09995432198047638,-0.0011290931142866611,0.0031255583744496107,6.029979886079673e-06,-0.0021311778109520674,-0.0009055851842276752,1.0,0.0,False,False
818,1,Orientation gauche,-0.09989006248813467,175.7683702514945,-0.09999199211597443,-0.0011290931142866611,-0.003844010876491666,2.1974604180741153e-07,-0.0020739641040563583,0.0011129017220810056,1.0,0.0,False,False
819,3,Orientation droite,0.08380928937789392,175.85217954087238,-0.09996576607227325,-0.0011291647097095847,0.0026921029202640057,-2.187304744438734e-06,-0.0021140018943697214,-0.0007792087271809578,1.0,0.0,False,False
820,1,Orientation gauche,0.02384720301252699,175.87602674388492,-0.09998683631420135,-0.0011292361887171865,-0.002164795296266675,-2.760803681667312e-06,-0.0020817609038203955,0.000627025670837611,1.0,0.0,False,False
821,3,Orientation droite,-0.27989101450167797,175.59613572938324,-0.09994087368249893,-0.0011283778585493565,0.004662846680730581,3.099868990830146e-05,-0.00212849210947752,-0.0009146467782557011,1.0,0.0,False,False
822,1,Orientation gauche,0.09592525350866168,175.6920609828919,-0.09997443854808807,-0.0011283778585493565,-0.0034210861194878817,-1.0394957143944339e-06,-0.0020775359589606524,0.0009908375795930624,1.0,0.0,False,False
823,3,Orientation droite,0.004881192528670725,175.69694217542056,-0.09994449466466904,-0.0011283063795417547,0.003056715941056609,1.7457078911320423e-06,-0.002123038051649928,-0.0008853686740621924,1.0,0.0,False,False
824,1,Orientation gauche,-0.09201946063354491,175.60492271478702,-0.09998073428869247,-0.0011283778585493565,-0.0036957089323550463,-3.6021447158418596e-06,-0.002068000379949808,0.0010705639142543077,1.0,0.0,False,False
825,3,Orientation droite,-0.05301454453274054,175.55190817025428,-0.0999424010515213,-0.0011283063795417547,0.0039060586132109165,1.9446931673883228e-06,-0.0021261335350573063,-0.0011313167633488774,1.0,0.0,False,False
826,1,Orientation gauche,-0.09861227345671139,175.45329589679756,-0.09998750686645508,-0.00112844945397228,-0.004615794867277145,-5.076926299807383e-06,-0.002057410078123212,0.00133713916875422,1.0,0.0,False,False
827,3,Orientation droite,0.09737610200893634,175.55067199880648,-0.09995488822460175,-0.0011283063795417547,0.0033251275308430195,4.927288046019385e-06,-0.0021069308277219534,-0.0009633587906137109,1.0,0.0,False,False
828,1,Orientation gauche,-0.0006002299220610741,175.5500717688844,-0.09998464584350586,-0.0011283778585493565,-0.0030467475298792124,-4.526539214566583e-06,-0.0020615598186850548,0.0008826748235151172,1.0,0.0,False,False
829,3,Orientation droite,-0.10859625215748878,175.4414755167269,-0.0999472588300705,-0.001128234900534153,0.00381331704556942,5.5706391322019044e-06,-0.0021183353383094072,-0.0011047461302950978,1.0,0.0,False,False
830,1,Orientation gauche,0.0026596128976124345,175.44413512962453,-0.09998150169849396,-0.0011283778585493565,-0.0035046678967773914,-4.816391083295457e-06,-0.0020661528687924147,0.0010152774630114436,1.0,0.0,False,False
831,3,Orientation droite,-0.05588789650992673,175.3882472331146,-0.09994478523731232,-0.001128234900534153,0.0037444967310875654,5.785013399872696e-06,-0.002121917437762022,-0.001084812800399959,1.0,0.0,False,False
832,1,Orientation gauche,-0.019236451337916377,175.3690107817767,-0.09998063743114471,-0.0011283778585493565,-0.0036554336547851562,-5.500340648723068e-06,-0.002067487919703126,0.0010589741868898273,1.0,0.0,False,False
833,3,Orientation droite,-0.0003409192169498698,175.36866986255976,-0.09994792938232422,-0.0011283778585493565,0.003341835690662265,-9.69401071415632e-07,-0.002117207972332835,-0.0009674943285062909,1.0,0.0,False,False
834,1,Orientation gauche,-0.06761370157025112,175.3010561609895,-0.0999845489859581,-0.001128234900534153,-0.0037369474302977324,4.994859409634955e-06,-0.002061612904071808,0.0010814734268933535,1.0,0.0,False,False
835,3,Orientation droite,0.04938808171076417,175.35044424270026,-0.09995593875646591,-0.0011283778585493565,0.002928124275058508,-5.252170467429096e-06,-0.002105160616338253,-0.0008472449844703078,1.0,0.0,False,False
836,1,Orientation gauche,0.016650843892900086,175.36709508659317,-0.09998007118701935,-0.001128234900534153,-0.0024742824025452137,5.9062685977551155e-06,-0.002068367088213563,0.0007157429354265332,1.0,0.0,False,False
837,3,Orientation droite,-0.13524839598122249,175.23184669061195,-0.09994564205408096,-0.0011283778585493565,0.0035089936573058367,-5.034345576859778e-06,-0.0021205670200288296,-0.001015419140458107,1.0,0.0,False,False
838,1,Orientation gauche,-0.08130913449891672,175.15053755611302,-0.09998531639575958,-0.0011283063795417547,-0.004042572807520628,2.4458868210786022e-06,-0.0020604124292731285,0.0011701834155246615,1.0,0.0,False,False
839,3,Orientation droite,0.0007160588698565118,175.1512536149829,-0.09994888305664062,-0.0011283063795417547,0.0037165239918977022,1.5168794789133244e-06,-0.0021157292649149895,-0.0010762389283627272,1.0,0.0,False,False
840,1,Orientation gauche,0.05963889915316159,175.21089251413605,-0.0999765396118164,-0.0011283778585493565,-0.002834665821865201,-1.99841201720119e-06,-0.002073542447760701,0.0008209013612940907,1.0,0.0,False,False
841,3,Orientation droite,0.023696548113329358,175.23458906224937,-0.09995422512292862,-0.0011283063795417547,0.002285973634570837,3.6923063362337416e-06,-0.002107582287862897,-0.0006622433429583907,1.0,0.0,False,False
842,1,Orientation gauche,-0.1977444208723724,175.036844641377,-0.09999332576990128,-0.0011283778585493565,-0.003983641974627972,-3.2949542401183862e-06,-0.0020482605323195457,0.0011537364916875958,1.0,0.0,False,False
843,3,Orientation droite,0.05108298145189785,175.0879276228289,-0.09996242821216583,-0.0011283063795417547,0.003156714141368866,2.581182798166992e-06,-0.002095256932079792,-0.0009142367052845657,1.0,0.0,False,False
844,1,Orientation gauche,0.053526299283763096,175.14145392211265,-0.09998521953821182,-0.00112844945397228,-0.002333419630303979,-6.459085852839053e-06,-0.0020604876335710287,0.0006762732518836856,1.0,0.0,False,False
845,3,Orientation droite,-0.15665161273381997,174.98480230937884,-0.09995011985301971,-0.00112844945397228,0.0035817057359963655,1.2518886478574132e-06,-0.0021138193551450968,-0.0010370970703661442,1.0,0.0,False,False
846,1,Orientation gauche,-0.007986888936859698,174.97681542044197,-0.09998311847448349,-0.00112844945397228,-0.003378870664164424,2.726102366068517e-07,-0.0020635284017771482,0.0009782558772712946,1.0,0.0,False,False
847,3,Orientation droite,-0.007846452607240123,174.9689689678347,-0.09995241463184357,-0.0011283778585493565,0.00314127909950912,3.3555706977494992e-06,-0.0021102898754179478,-0.0009098138543777168,1.0,0.0,False,False
848,1,Orientation gauche,0.0073912689789861485,174.9763602368137,-0.09997968375682831,-0.00112844945397228,-0.002781519666314125,-3.321678377687931e-06,-0.0020688623189926147,0.000805674004368484,1.0,0.0,False,False
849,3,Orientation droite,-0.07620493620518395,174.9001553006085,-0.09994812309741974,-0.0011283778585493565,0.0032270927913486958,2.209298827438033e-06,-0.002116905292496085,-0.0009345489670522511,1.0,0.0,False,False
850,1,Orientation gauche,-0.1322333481296247,174.76792195247887,-0.09998998790979385,-0.00112844945397228,-0.004271155223250389,-3.247508630010998e-06,-0.002053311327472329,0.0012369535397738218,1.0,0.0,False,False
851,3,Orientation droite,0.07535337348340868,174.84327532596228,-0.09995861351490021,-0.0011283778585493565,0.0032013519667088985,1.8315487295694766e-06,-0.0021009561605751514,-0.0009270383743569255,1.0,0.0,False,False
852,1,Orientation gauche,-0.05496053156260558,174.78831479439967,-0.09999265521764755,-0.00112844945397228,-0.003468549344688654,-1.954038907570066e-06,-0.0020493194460868835,0.0010044368682429194,1.0,0.0,False,False
853,3,Orientation droite,-0.1319952418381127,174.65631955256154,-0.09994907677173615,-0.0011283063795417547,0.004465592559427023,7.500820174755063e-06,-0.0021158044692128897,-0.001293666660785675,1.0,0.0,False,False
854,1,Orientation gauche,0.015479727139811744,174.67179927970136,-0.09998855739831924,-0.00112844945397228,-0.004031374119222164,-6.530211521749152e-06,-0.0020557453390210867,0.001167824026197195,1.0,0.0,False,False
855,3,Orientation droite,0.028393995660740218,174.7001932753621,-0.0999549850821495,-0.0011283063795417547,0.003429919481277466,6.740996013832046e-06,-0.0021068276837468147,-0.000993728986941278,1.0,0.0,False,False
856,1,Orientation gauche,0.004321773126420042,174.7045150484885,-0.09998531639575958,-0.0011283778585493565,-0.0031025675125420094,-2.448093482598779e-06,-0.0020606417674571276,0.0008985004387795925,1.0,0.0,False,False
857,3,Orientation droite,-0.11224689982614208,174.59226814866236,-0.09994707256555557,-0.0011283063795417547,0.003905152902007103,1.7074121387850028e-06,-0.002118766773492098,-0.0011307622771710157,1.0,0.0,False,False
858,1,Orientation gauche,0.0024141304615146464,174.59468227912387,-0.09998226165771484,-0.0011283778585493565,-0.003599399235099554,-4.2270708036085125e-06,-0.0020651877857744694,0.001042535761371255,1.0,0.0,False,False
859,3,Orientation droite,0.06951257944059933,174.66419485856449,-0.09995689243078232,-0.0011283063795417547,0.0025910648982971907,1.978995442186715e-06,-0.0021037650294601917,-0.0007503642700612545,1.0,0.0,False,False
860,1,Orientation gauche,-0.16129089169458297,174.5029039668699,-0.09999532997608185,-0.0011283063795417547,-0.003923940006643534,8.740738621781929e-07,-0.0020453690085560083,0.001135920756496489,1.0,0.0,False,False
861,3,Orientation droite,-0.11362339020747811,174.38928057666243,-0.09994907677173615,-0.0011283063795417547,0.004735939670354128,2.4987676283672045e-07,-0.0021158535964787006,-0.0013711517676711082,1.0,0.0,False,False
862,1,Orientation gauche,0.10163964980962106,174.49092022647204,-0.09998264163732529,-0.0011283063795417547,-0.0034371432848274708,1.328901703345764e-06,-0.0020646860357373953,0.0009949312079697847,1.0,0.0,False,False
863,3,Orientation droite,0.04083574460178532,174.53175597107384,-0.09995613247156143,-0.0011283063795417547,0.002714889356866479,1.324145273429167e-06,-0.0021050928626209497,-0.0007861414924263954,1.0,0.0,False,False
864,1,Orientation gauche,-0.16648887484034056,174.36526709623348,-0.09999628365039825,-0.0011285209329798818,-0.004100702237337828,-8.093688848020975e-06,-0.0020440113730728626,0.001188116380944848,1.0,0.0,False,False
865,3,Orientation droite,-0.10582269100295846,174.2594444052305,-0.09994907677173615,-0.00112844945397228,0.004834198392927647,2.70009536507132e-06,-0.0021159539464861155,-0.0013998191570863128,1.0,0.0,False,False
866,1,Orientation gauche,0.1634737570524181,174.42291816228294,-0.09997759014368057,-0.00112844945397228,-0.0029143330175429583,2.5933405822797795e-07,-0.0020725696813315153,0.0008436905918642879,1.0,0.0,False,False
867,3,Orientation droite,-0.11479285889682231,174.3081253033861,-0.09994077682495117,-0.0011280918261036277,0.003747951239347458,9.642517397878692e-06,-0.0021236811298877,-0.001005243742838502,1.0,0.0,False,False
868,1,Orientation gauche,-0.1275261530222209,174.1805991503639,-0.09998712688684464,-0.0011281633051112294,-0.0047475676983594894,-2.235240117443027e-06,-0.0020529916509985924,0.0013749803183600307,1.0,0.0,False,False
869,3,Orientation droite,0.07140311808433644,174.25200226844822,-0.09995069354772568,-0.0011281633051112294,0.003714654128998518,1.5217252666843706e-06,-0.0021083022002130747,-0.0010758051648736,1.0,0.0,False,False
870,1,Orientation gauche,-0.054157549310759306,174.19784471913746,-0.09998969733715057,-0.001128234900534153,-0.003976427484303713,-2.6461352717888076e-06,-0.0020491003524512053,0.0011516592931002378,1.0,0.0,False,False
871,3,Orientation droite,0.07956683104537923,174.27741155018285,-0.09996156394481659,-0.001128234900534153,0.002866253722459078,-1.4277849231802975e-06,-0.0020917379297316074,-0.0008297570748254657,1.0,0.0,False,False
872,1,Orientation gauche,-0.06530348490291324,174.21210806527992,-0.09999322891235352,-0.0011283063795417547,-0.003235819283872843,-4.005976734333672e-06,-0.002043544314801693,0.0009373697685077786,1.0,0.0,False,False
873,3,Orientation droite,-0.1902493103298528,174.02185875495007,-0.09994621574878693,-0.0011283063795417547,0.004813679028302431,1.5419500414282084e-06,-0.0021151930559426546,-0.0013939552009105682,1.0,0.0,False,False
874,1,Orientation gauche,0.15680086294878784,174.17865961789886,-0.0999751091003418,-0.001128234900534153,-0.002960838843137026,4.495911070989678e-06,-0.002071127761155367,0.0008567943004891276,1.0,0.0,False,False
875,3,Orientation droite,0.04732552943077309,174.22598514732962,-0.09995384514331818,-0.0011281633051112294,0.002176452660933137,2.18489435610536e-06,-0.002103527309373021,-0.0006303971749730408,1.0,0.0,False,False
876,1,Orientation gauche,-0.25743605475698383,173.96854909257263,-0.09999780356884003,-0.0011276626028120518,-0.004452686291188002,1.6540991055080667e-05,-0.0020576685201376677,0.0008976372773759067,1.0,0.0,False,False
877,3,Orientation droite,0.010071720121391153,173.97862081269403,-0.09995822608470917,-0.00112759112380445,0.00403155293315649,1.6979446400000597e-06,-0.002117691095918417,-0.00116775743663311,1.0,0.0,False,False
878,1,Orientation gauche,0.1381479865759261,174.11676879926995,-0.09998130798339844,-0.0011276626028120518,-0.0023621548898518085,-3.1012434646982e-06,-0.0020825292449444532,0.0006844283198006451,1.0,0.0,False,False
879,3,Orientation droite,-0.0540125737228869,174.06275622554705,-0.09995603561401367,-0.0011276626028120518,0.002589006442576647,1.8029240322903206e-07,-0.0021210762206465006,-0.0007497364422306418,1.0,0.0,False,False
880,1,Orientation gauche,-0.08555364326341738,173.97720258228364,-0.09998693317174911,-0.0011276626028120518,-0.0031606846023350954,9.99495910036785e-07,-0.0020740372128784657,0.000915198412258178,1.0,0.0,False,False
881,3,Orientation droite,-0.031178156476695945,173.94602442580694,-0.09995603561401367,-0.00112759112380445,0.0031563646625727415,1.7725251382216811e-06,-0.002121036173775792,-0.00091422104742378,1.0,0.0,False,False
882,1,Orientation gauche,-0.06985751168799822,173.87616691411895,-0.09999112784862518,-0.0011277341982349753,-0.0035730500239878893,-4.909706149192061e-06,-0.0020678285509347916,0.0010352104436606169,1.0,0.0,False,False
883,3,Orientation droite,-0.09401461815305431,173.7821522959659,-0.09994993358850479,-0.00112759112380445,0.004191942047327757,7.3501214501447976e-06,-0.002130277222022414,-0.0012146716471761465,1.0,0.0,False,False
884,1,Orientation gauche,0.09059868541662766,173.87275098138252,-0.09997940063476562,-0.0011277341982349753,-0.0030011918861418962,-6.8830418058496434e-06,-0.0020855709444731474,0.0008698201854713261,1.0,0.0,False,False
885,3,Orientation droite,-0.061471985987472805,173.81127899539504,-0.09994707256555557,-0.0011277341982349753,0.0032991324551403522,5.110559868626297e-07,-0.0021346856374293566,-0.0009553909185342491,1.0,0.0,False,False
886,1,Orientation gauche,-0.1278262320717871,173.68345276332326,-0.09998922049999237,-0.0011276626028120518,-0.004299233667552471,2.2044901015760843e-06,-0.0020706970244646072,0.0012446808395907283,1.0,0.0,False,False
887,3,Orientation droite,0.09524978043661861,173.7787025437599,-0.09995956718921661,-0.0011277341982349753,0.0030312808230519295,-2.109060460497858e-06,-0.0021158086601644754,-0.0008775389869697392,1.0,0.0,False,False
888,1,Orientation gauche,-0.10209395540536789,173.67660858835453,-0.09999646991491318,-0.0011277341982349753,-0.0037714478094130754,2.703716859286942e-07,-0.0020596771501004696,0.0010920306667685509,1.0,0.0,False,False
889,3,Orientation droite,-0.05734008457382053,173.61926850378072,-0.09995698928833008,-0.0011276626028120518,0.0040244245901703835,1.6262463304883568e-06,-0.0021195814479142427,-0.0011654907139018178,1.0,0.0,False,False
890,1,Orientation gauche,0.13545685188166814,173.75472535566237,-0.09998025745153427,-0.0011277341982349753,-0.0023820598144084215,-3.5912487419409445e-06,-0.002084106206893921,0.000690129934810102,1.0,0.0,False,False
891,3,Orientation droite,-0.1285121173260719,173.6262132383363,-0.09994754940271378,-0.00112759112380445,0.003349980339407921,7.5396455940790474e-06,-0.0021340115927159786,-0.0009707898134365678,1.0,0.0,False,False
892,1,Orientation gauche,-0.12317018155648604,173.50304305677983,-0.09998969733715057,-0.001127805677242577,-0.004303626716136932,-8.277638698928058e-06,-0.002069915411993861,0.001247040694579482,1.0,0.0,False,False
893,3,Orientation droite,0.010802277644340635,173.51384533442416,-0.09995174407958984,-0.0011277341982349753,0.003875863505527377,4.333106971898815e-06,-0.0021276159677654505,-0.0011227116920053959,1.0,0.0,False,False
894,1,Orientation gauche,0.04184484065114916,173.5556901750753,-0.0999828353524208,-0.001127805677242577,-0.003173563163727522,-2.778528596536489e-06,-0.0020803804509341717,0.0009192015277221799,1.0,0.0,False,False
895,3,Orientation droite,0.013348260285316799,173.56903843536062,-0.09995613247156143,-0.001127805677242577,0.002726198872551322,8.155019486366655e-07,-0.0021209644619375467,-0.0007894375594332814,1.0,0.0,False,False
896,1,Orientation gauche,-0.05780132216895481,173.51123711319167,-0.09998579323291779,-0.001127805677242577,-0.00301950192078948,-1.3645151284435997e-06,-0.002076017204672098,0.0008744128281250596,1.0,0.0,False,False
897,3,Orientation droite,0.005758746215593719,173.51699585940727,-0.0999598503112793,-0.0011277341982349753,0.002648422960191965,2.8628812742681475e-06,-0.00211544637568295,-0.0007671040948480368,1.0,0.0,False,False
898,1,Orientation gauche,-0.15676577302038794,173.36023008638688,-0.09999847412109375,-0.00112759112380445,-0.00393578689545393,1.8261994227941614e-06,-0.0020571218337863684,0.001139374217018485,1.0,0.0,False,False
899,3,Orientation droite,-0.11374949198513803,173.24648059440173,-0.09995202720165253,-0.00112759112380445,0.00474903266876936,-2.3363196532955044e-07,-0.002127812011167407,-0.001375107909552753,1.0,0.0,False,False
900,1,Orientation gauche,0.1153072971035212,173.36178789150526,-0.09998445212841034,-0.0011276626028120518,-0.0033128648065030575,-2.462011934767361e-06,-0.0020784824155271053,0.0009595341980457306,1.0,0.0,False,False
901,3,Orientation droite,-0.0658942315039279,173.29589366000133,-0.0999486893415451,-0.0011275196447968483,0.0036531470250338316,6.998598109930754e-06,-0.0021328988950699568,-0.0010585361160337925,1.0,0.0,False,False
902,1,Orientation gauche,0.037685425268113165,173.33357908526943,-0.09997797012329102,-0.00112759112380445,-0.002991562243551016,-3.703748689076747e-06,-0.0020883572287857533,0.0008666354115121067,1.0,0.0,False,False
903,3,Orientation droite,0.014485962303017602,173.34806504757245,-0.09995317459106445,-0.00112759112380445,0.0025337734259665012,1.3482824670063565e-06,-0.0021260823123157024,-0.0007338038994930685,1.0,0.0,False,False
904,1,Orientation gauche,-0.21031627145401607,173.13774877611843,-0.09999580681324005,-0.0011277341982349753,-0.004359218757599592,-6.069067239877768e-06,-0.002061167499050498,0.0012628819094970822,1.0,0.0,False,False
905,3,Orientation droite,0.10199397677054314,173.23974275288896,-0.09996624290943146,-0.0011276626028120518,0.0030238102190196514,4.502755928115221e-06,-0.002106199972331524,-0.000875994679518044,1.0,0.0,False,False
906,1,Orientation gauche,0.07497763024705442,173.314720383136,-0.09998559951782227,-0.0011276626028120518,-0.001984223024919629,-7.448795713571599e-07,-0.0020766558591276407,0.0005746138049289584,1.0,0.0,False,False
907,3,Orientation droite,-0.29485724669653623,173.01986313643948,-0.09993982315063477,-0.0011265897192060947,0.004636275116354227,3.989979450125247e-05,-0.002118790289387107,-0.0008229751838371158,1.0,0.0,False,False
908,1,Orientation gauche,0.12204336154240572,173.1419064979819,-0.09997043758630753,-0.00112673279363662,-0.0031320652924478054,-7.70997485233238e-06,-0.002072115894407034,0.0009079283918254077,1.0,0.0,False,False
909,3,Orientation droite,-0.03250360127786742,173.109402896704,-0.099939726293087,-0.00112673279363662,0.0031410609371960163,1.3438077530736336e-06,-0.0021188720129430294,-0.0009098501759581268,1.0,0.0,False,False
910,1,Orientation gauche,-0.16210979278339252,172.94729310392063,-0.09998349845409393,-0.0011268043890595436,-0.004485154524445534,-2.1963351173326373e-06,-0.0020521043334156275,0.0012991979019716382,1.0,0.0,False,False
911,3,Orientation droite,0.10497549591325253,173.0522685998339,-0.09995298087596893,-0.0011266613146290183,0.003119447734206915,5.127948043082142e-06,-0.0020985696464776993,-0.0009039503638632596,1.0,0.0,False,False
912,1,Orientation gauche,-0.10536341894290999,172.94690518089098,-0.09999112784862518,-0.00112673279363662,-0.003892910899594426,-3.5216473861510167e-06,-0.002040598075836897,0.001127720926888287,1.0,0.0,False,False
913,3,Orientation droite,-0.09312843099390619,172.85377674989707,-0.09994716942310333,-0.00112673279363662,0.004501172341406345,1.0388486089141225e-06,-0.002107584150508046,-0.0013036008458584547,1.0,0.0,False,False
914,1,Orientation gauche,0.00944336273448279,172.86322011263155,-0.09998760372400284,-0.0011266613146290183,-0.004127745516598225,4.036458449263591e-06,-0.00204614270478487,0.0011949094478040934,1.0,0.0,False,False
915,3,Orientation droite,0.0063663792958028875,172.86958649192735,-0.0999508872628212,-0.00112673279363662,0.0037450857926160097,-4.7435323722311296e-06,-0.002101851161569357,-0.001083961920812726,1.0,0.0,False,False
916,1,Orientation gauche,0.042669786436385665,172.91225627836374,-0.09998054802417755,-0.00112673279363662,-0.0030338899232447147,-5.720945068787842e-07,-0.0020566945895552635,0.0008785756072029471,1.0,0.0,False,False
917,3,Orientation droite,-0.08606863611239454,172.82618764225134,-0.0999455451965332,-0.0011265897192060947,0.0035762987099587917,7.114461823221063e-06,-0.0021099643781781197,-0.0010363536421209574,1.0,0.0,False,False
918,1,Orientation gauche,-0.07981286387735828,172.746374778374,-0.09998569637537003,-0.00112673279363662,-0.004095264710485935,-4.829964836972067e-06,-0.00204898277297616,0.0011863966938108206,1.0,0.0,False,False
919,3,Orientation droite,0.04739724841894713,172.79377202679294,-0.09995327144861221,-0.0011266613146290183,0.0033044996671378613,4.140951205044985e-06,-0.0020981989800930023,-0.0009573159040883183,1.0,0.0,False,False
920,1,Orientation gauche,-0.10452767515244929,172.6892443516405,-0.09999313205480576,-0.00112673279363662,-0.0040705264545977116,-1.8614251757753664e-06,-0.0020375894382596016,0.001178873935714364,1.0,0.0,False,False
921,3,Orientation droite,0.03504652340254502,172.72429087504304,-0.0999598503112793,-0.0011268043890595436,0.0034027262590825558,-2.173231450797175e-06,-0.0020882042590528727,-0.0009850955102592707,1.0,0.0,False,False
922,1,Orientation gauche,0.06324197969969816,172.78753285474275,-0.0999840721487999,-0.00112673279363662,-0.002483012853190303,3.2820214528328506e-06,-0.0020512754563242197,0.0007186065777204931,1.0,0.0,False,False
923,3,Orientation droite,-0.22466777391878942,172.56286508082397,-0.09994097054004669,-0.00112673279363662,0.004407191649079323,1.5575520819766098e-06,-0.0021168796811252832,-0.001276333350688219,1.0,0.0,False,False
924,1,Orientation gauche,-0.012659243955632532,172.55020583686834,-0.09998264163732529,-0.0011268043890595436,-0.00425547594204545,-4.5590395529870875e-06,-0.0020535120274871588,0.0012327071744948626,1.0,0.0,False,False
925,3,Orientation droite,0.04219146499005902,172.5923973018584,-0.0999482125043869,-0.00112673279363662,0.003515634685754776,3.827212367468746e-06,-0.0021058651618659496,-0.001018370152451098,1.0,0.0,False,False
926,1,Orientation gauche,-0.11482306187416633,172.47757423998422,-0.09999112784862518,-0.00112673279363662,-0.004386238753795624,-9.264093705496634e-07,-0.00204058107919991,0.0012701430823653936,1.0,0.0,False,False
927,3,Orientation droite,-0.03612056030753294,172.4414536796767,-0.09994792938232422,-0.00112673279363662,0.004424785263836384,7.858363915147493e-07,-0.0021064390894025564,-0.0012812612112611532,1.0,0.0,False,False
928,1,Orientation gauche,0.09365735223433028,172.53511103191101,-0.09997930377721786,-0.0011268043890595436,-0.0032045659609138966,-2.0292834506108193e-06,-0.002058709505945444,0.0009281273814849555,1.0,0.0,False,False
929,3,Orientation droite,0.024073029701410037,172.55918406161243,-0.09995336830615997,-0.0011268043890595436,0.002650320529937744,1.3790694310955587e-06,-0.0020981631241738796,-0.0007675677770748734,1.0,0.0,False,False
930,1,Orientation gauche,-0.1519978684963401,172.40718619311608,-0.09999151527881622,-0.0011268043890595436,-0.003890065476298332,-9.524272286398627e-07,-0.0020402525551617146,0.0011264695785939693,1.0,0.0,False,False
931,3,Orientation droite,0.007482100783828188,172.4146682938999,-0.0999571830034256,-0.0011268758680671453,0.003497527912259102,-2.097874812534428e-06,-0.002092297887429595,-0.0010125016560778022,1.0,0.0,False,False
932,1,Orientation gauche,0.014113998034742253,172.42878229193462,-0.0999872237443924,-0.0011268758680671453,-0.003072064369916916,-3.9585768263350474e-07,-0.0020465832203626633,0.0008895454811863601,1.0,0.0,False,False
933,3,Orientation droite,-0.1501387549743398,172.2786435369603,-0.0999455451965332,-0.0011268043890595436,0.0042518312111496925,2.964069835798e-06,-0.002109876833856106,-0.001231395872309804,1.0,0.0,False,False
934,1,Orientation gauche,0.11712596766571018,172.395769504626,-0.0999729186296463,-0.001126947347074747,-0.002794812899082899,-5.275605417409679e-06,-0.002068260917440057,0.0008097751997411251,1.0,0.0,False,False
935,3,Orientation droite,-0.03710697147735395,172.35866253314865,-0.09994497150182724,-0.0011268043890595436,0.0028513548895716667,5.27878137290827e-06,-0.0021107313223183155,-0.0008261592010967433,1.0,0.0,False,False
936,1,Orientation gauche,-0.06255257430363301,172.29610995884502,-0.09997625648975372,-0.00112673279363662,-0.0031931218691170216,1.726251525724365e-06,-0.0020632168743759394,0.0009243800304830074,1.0,0.0,False,False
937,3,Orientation droite,0.05278203120195826,172.34889199004698,-0.09995327144861221,-0.0011268043890595436,0.002353266580030322,-2.365063664910849e-06,-0.002098232274875045,-0.0006811048369854689,1.0,0.0,False,False
938,1,Orientation gauche,-0.1233412274260288,172.22555076262094,-0.09998559951782227,-0.0011268758680671453,-0.0033035401720553637,-2.0204761312925257e-06,-0.00204904330894351,0.0009567536180838943,1.0,0.0,False,False
939,3,Orientation droite,-0.09843948611728834,172.12711127650365,-0.09994669258594513,-0.0011268043890595436,0.003967764787375927,2.8662607292062603e-06,-0.0021081215236335993,-0.0011491322657093406,1.0,0.0,False,False
940,1,Orientation gauche,0.09301553042313351,172.2201268069268,-0.09997367858886719,-0.0011268758680671453,-0.0027516076806932688,-3.2310310871253023e-06,-0.0020671342499554157,0.0007970816222950816,1.0,0.0,False,False
941,3,Orientation droite,-0.056699235404366916,172.16342757152242,-0.09994421154260635,-0.00112673279363662,0.003003310412168503,6.75850651532528e-06,-0.0021118863951414824,-0.0008702818304300308,1.0,0.0,False,False
942,1,Orientation gauche,-0.19652167726349276,171.96690589425893,-0.09999008476734161,-0.0011268758680671453,-0.004692538641393185,-6.938185379112838e-06,-0.00204200716689229,0.0013594536576420069,1.0,0.0,False,False
943,3,Orientation droite,0.09562077247743098,172.06252666673635,-0.09995660930871964,-0.0011268758680671453,0.003418917302042246,-6.654105533243637e-08,-0.0020928976591676474,-0.0009899026481434703,1.0,0.0,False,False
944,1,Orientation gauche,0.06597403037897934,172.12850069711533,-0.09998073428869247,-0.0011268043890595436,-0.0024718160275369883,3.3638232252997113e-06,-0.002056130673736334,0.0007153364131227136,1.0,0.0,False,False
945,3,Orientation droite,-0.2174069496295192,171.9110937474858,-0.09993839263916016,-0.0011266613146290183,0.004324539098888636,-2.9109166632679262e-08,-0.00211982149630785,-0.001252122805453837,1.0,0.0,False,False
946,1,Orientation gauche,-0.033181424400192866,171.8779123230856,-0.09998121112585068,-0.0011268043890595436,-0.004378753714263439,-5.206644345889799e-06,-0.002054598880931735,0.0012686406262218952,1.0,0.0,False,False
947,3,Orientation droite,0.13417424733959507,172.0120865704252,-0.09995460510253906,-0.0011265897192060947,0.0027230377309024334,8.025303941394668e-06,-0.002095172181725502,-0.0007894391310401261,1.0,0.0,False,False
948,1,Orientation gauche,-0.1325446422127807,171.8795419282124,-0.09999151527881622,-0.00112673279363662,-0.003767726244404912,-6.540305548696779e-06,-0.0020390297286212444,0.0010917799081653357,1.0,0.0,False,False
949,3,Orientation droite,0.02721289402364427,171.90675482223605,-0.09996042400598526,-0.00112673279363662,0.003179386258125305,-5.629505608339969e-07,-0.0020863341633230448,-0.0009206448448821902,1.0,0.0,False,False
950,1,Orientation gauche,-0.014814681818383163,171.89194014041766,-0.09999017417430878,-0.0011266613146290183,-0.003043095814064145,-1.3784519978798926e-06,-0.0020410192664712667,0.0008813644526526332,1.0,0.0,False,False
951,3,Orientation droite,-0.17130459956794716,171.7206355408497,-0.09994687885046005,-0.0011264467611908913,0.004433400928974152,8.910456926969346e-06,-0.0021070479415357113,-0.0012847469188272953,1.0,0.0,False,False
952,1,Orientation gauche,0.157886796802875,171.87852233765258,-0.0999719649553299,-0.0011265897192060947,-0.002567729912698269,-7.343331162701361e-06,-0.0020687677897512913,0.0007443522335961461,1.0,0.0,False,False
953,3,Orientation droite,-0.1603728364020742,171.7181495012505,-0.09993352741003036,-0.0011253738775849342,0.0038771405816078186,4.704715684056282e-05,-0.0021012548822909594,-0.0006333828787319362,1.0,0.0,False,False
954,1,Orientation gauche,-0.05328231940756353,171.66486718184294,-0.09997405856847763,-0.001125445356592536,-0.004131246358156204,-2.948308747363626e-06,-0.0020397272892296314,0.0011968748876824975,1.0,0.0,False,False
955,3,Orientation droite,0.028757487155189027,171.69362466899813,-0.09993944317102432,-0.0011255168356001377,0.0035258277785032988,-3.708868916874053e-06,-0.00209218543022871,-0.0010208020685240626,1.0,0.0,False,False
956,1,Orientation gauche,-0.06634012741471615,171.6272845415834,-0.0999777764081955,-0.0011255168356001377,-0.003909106366336346,-1.4798540632909862e-06,-0.0020339747425168753,0.0011323066428303719,1.0,0.0,False,False
957,3,Orientation droite,0.04238524279757108,171.66966978438097,-0.09994678199291229,-0.0011253738775849342,0.003169047413393855,7.205068413895788e-06,-0.002081167185679078,-0.0009186196839436889,1.0,0.0,False,False
958,1,Orientation gauche,-0.10057420356013466,171.56909558082083,-0.09998492896556854,-0.001125445356592536,-0.003894656430929899,-3.528295792420977e-06,-0.0020231613889336586,0.0011283339699730277,1.0,0.0,False,False
959,3,Orientation droite,0.021019700220717114,171.59011528104153,-0.09995193779468536,-0.001125445356592536,0.003367352532222867,-1.0056591008833493e-06,-0.0020732649136334658,-0.000975116970948875,1.0,0.0,False,False
960,1,Orientation gauche,0.020375857641229872,171.61049113868276,-0.09998016059398651,-0.001125445356592536,-0.002878211671486497,-3.961414449804579e-07,-0.0020304203499108553,0.0008335734601132572,1.0,0.0,False,False
961,3,Orientation droite,-0.11775599466391704,171.49273514401884,-0.09994354099035263,-0.001125445356592536,0.003736772108823061,-1.8823435254944343e-07,-0.002086038701236248,-0.0010821539908647537,1.0,0.0,False,False
962,1,Orientation gauche,0.026411534561922495,171.51914667858077,-0.09997472912073135,-0.001125445356592536,-0.003188948379829526,-4.6949620013947424e-07,-0.002038563834503293,0.0009235405595973134,1.0,0.0,False,False
963,3,Orientation droite,-0.11474988259613525,171.40439679598464,-0.09993533790111542,-0.001125445356592536,0.004016032908111811,5.593159357886179e-07,-0.0020983624272048473,-0.001163073698990047,1.0,0.0,False,False
964,1,Orientation gauche,0.029187859998994342,171.43358465598362,-0.09996900707483292,-0.001125445356592536,-0.003441720036789775,1.0607138847262831e-06,-0.0020471338648349047,0.0009965827921405435,1.0,0.0,False,False
965,3,Orientation droite,0.10676963026965972,171.5403542862533,-0.09994897991418839,-0.0011253738775849342,0.0020633358508348465,2.195854904130101e-06,-0.0020778474863618612,-0.0005977675318717957,1.0,0.0,False,False
966,1,Orientation gauche,-0.2618303165928644,171.27852396966043,-0.09999217838048935,-0.001124801579862833,-0.0043808771297335625,1.9744760720641352e-05,-0.0020353735890239477,0.0008306466042995453,1.0,0.0,False,False
967,3,Orientation droite,0.074710746587374,171.3532347162478,-0.09995965659618378,-0.0011247301008552313,0.0033169458620250225,3.6020753668708494e-06,-0.0020847590640187263,-0.0009611214627511799,1.0,0.0,False,False
968,1,Orientation gauche,0.08248006500683516,171.43571478125466,-0.09998121112585068,-0.0011247301008552313,-0.002203378127887845,5.082804364064941e-07,-0.0020519765093922615,0.0006381476414389908,1.0,0.0,False,False
969,3,Orientation droite,-0.22144660737636876,171.21426817387828,-0.09994097054004669,-0.0011246586218476295,0.004097064025700092,1.8242548094349331e-06,-0.002112999791279435,-0.0011869020527228713,1.0,0.0,False,False
970,1,Orientation gauche,-0.008113586975284831,171.20615458690298,-0.0999792069196701,-0.0011246586218476295,-0.003897984977811575,3.2326400400961575e-07,-0.002054974902421236,0.001129015116021037,1.0,0.0,False,False
971,3,Orientation droite,-0.009179001270562565,171.19697558563243,-0.09994325786828995,-0.0011247301008552313,0.0036710831336677074,-3.44490308634704e-06,-0.002109615597873926,-0.0010628873715177178,1.0,0.0,False,False
972,1,Orientation gauche,0.043542498426808934,171.24051808405923,-0.09997205436229706,-0.0011246586218476295,-0.0029507619328796864,2.2765359517507022e-06,-0.0020657142158597708,0.0008543754229322076,1.0,0.0,False,False
973,3,Orientation droite,-0.10878764085256762,171.13173044320666,-0.09993543475866318,-0.001124372472986579,0.003726401599124074,7.221115538413869e-06,-0.0021145669743418694,-0.0009601612691767514,1.0,0.0,False,False
974,1,Orientation gauche,-0.08158352642595965,171.0501469167807,-0.09997721016407013,-0.0011244439519941807,-0.004263967741280794,-3.432764742683503e-06,-0.002051072660833597,0.0012355492217466235,1.0,0.0,False,False
975,3,Orientation droite,0.01322661515178794,171.06337353193248,-0.09993982315063477,-0.0011244439519941807,0.0038123312406241894,5.849942681379616e-07,-0.002107825828716159,-0.0011044034035876393,1.0,0.0,False,False
976,1,Orientation gauche,0.005622374529664215,171.06899590646213,-0.09997377544641495,-0.001124372472986579,-0.00347386603243649,2.7091150514024775e-06,-0.002056118566542864,0.0010059464257210493,1.0,0.0,False,False
977,3,Orientation droite,0.09652474163305527,171.1655206480952,-0.09995241463184357,-0.001124372472986579,0.0021972842514514923,-8.212742272917239e-07,-0.002088814741000533,-0.0006363752763718367,1.0,0.0,False,False
978,1,Orientation gauche,-0.257216741715127,170.90830390638007,-0.09999656677246094,-0.0011231565149500966,-0.004459408111870289,4.8636044084560126e-05,-0.0020544547587633133,0.0006681883824057877,1.0,0.0,False,False
979,3,Orientation droite,0.10079441072450315,171.00909831710456,-0.09996585547924042,-0.0011232281103730202,0.003135767299681902,-3.6144754176348215e-06,-0.0021011200733482838,-0.000908119254745543,1.0,0.0,False,False
980,1,Orientation gauche,0.08459206481739948,171.09369038192196,-0.09998540580272675,-0.0011231565149500966,-0.0020000599324703217,2.4772209599177586e-06,-0.002071358961984515,0.0005791246658191085,1.0,0.0,False,False
981,3,Orientation droite,-0.29681794446598064,170.796872437456,-0.09993962943553925,-0.001122655812650919,0.004658049903810024,1.5062340935401153e-05,-0.002127304906025529,-0.001098672510124743,1.0,0.0,False,False
982,1,Orientation gauche,-0.007497158798742659,170.78937527865725,-0.09998321533203125,-0.0011227274080738425,-0.004455843940377235,-4.387899480207125e-06,-0.0020609234925359488,0.0012916522100567818,1.0,0.0,False,False
983,3,Orientation droite,0.16017585746828836,170.94955113612554,-0.09995841979980469,-0.0011227274080738425,0.002541074063628912,-1.1308909506624332e-06,-0.0020987307652831078,-0.0007361219613812864,1.0,0.0,False,False
984,1,Orientation gauche,-0.04483644680407181,170.90471468932145,-0.09998483955860138,-0.0011227988870814443,-0.002703292528167367,-2.222452849309775e-06,-0.002058460144326091,0.0007834594580344856,1.0,0.0,False,False
985,3,Orientation droite,-0.1918689935584836,170.71284569576298,-0.09994258731603622,-0.001122655812650919,0.0043001798912882805,5.316627266438445e-06,-0.0021225071977823973,-0.0012464092578738928,1.0,0.0,False,False
986,1,Orientation gauche,0.1036308071889345,170.8164765029519,-0.09997177124023438,-0.0011227274080738425,-0.0029790366534143686,-2.6084667297254782e-06,-0.0020781629718840122,0.0008633282268419862,1.0,0.0,False,False
987,3,Orientation droite,0.017542402422799058,170.8340189053747,-0.09994745254516602,-0.0011225843336433172,0.0024908087216317654,6.978118562983582e-06,-0.00211527687497437,-0.0007223267457447946,1.0,0.0,False,False
988,1,Orientation gauche,-0.13812643508243802,170.69589247029228,-0.09998254477977753,-0.001122655812650919,-0.0035904650576412678,-3.892370841640513e-06,-0.0020617989357560873,0.0010405401699244976,1.0,0.0,False,False
989,3,Orientation droite,-0.08672806392417051,170.6091644063681,-0.09994201362133026,-0.0011227274080738425,0.004136702977120876,-3.350244242028566e-06,-0.002123370300978422,-0.0011979901464655995,1.0,0.0,False,False
990,1,Orientation gauche,-0.02961506968608127,170.57954933668202,-0.09998273849487305,-0.001122655812650919,-0.004153965972363949,3.0709406928508542e-06,-0.0020615393295884132,0.0012030088109895587,1.0,0.0,False,False
991,3,Orientation droite,0.0941302093413399,170.67367954602335,-0.09995441138744354,-0.001122655812650919,0.0028978607151657343,-1.4271897725848248e-06,-0.0021046658512204885,-0.0008392816525883973,1.0,0.0,False,False
992,1,Orientation gauche,-0.16072032308358672,170.51295922293977,-0.09999589622020721,-0.0011222981847822666,-0.004215504974126816,9.389136721438263e-06,-0.0020527364686131477,0.0010197354713454843,1.0,0.0,False,False
993,3,Orientation droite,0.061608103346214166,170.57456732628597,-0.09996376186609268,-0.0011223697802051902,0.0032827265094965696,-1.60486138156557e-06,-0.0021015799138695,-0.0009508951334282756,1.0,0.0,False,False
994,1,Orientation gauche,0.0013622323512436918,170.57592955863723,-0.099993035197258,-0.0011223697802051902,-0.0029842571821063757,-1.574993120811996e-06,-0.002057150937616825,0.000864779285620898,1.0,0.0,False,False
995,3,Orientation droite,-0.17307846077172925,170.4028510978655,-0.09994983673095703,-0.0011222981847822666,0.00439282413572073,3.6294266010372667e-06,-0.00212256726808846,-0.0012729840818792582,1.0,0.0,False,False
996,1,Orientation gauche,0.0606300070526509,170.46348110491815,-0.09998416900634766,-0.0011223697802051902,-0.0035043745301663876,-3.595016323743039e-06,-0.0020703852642327547,0.001015626941807568,1.0,0.0,False,False
997,3,Orientation droite,-0.09046911895631801,170.37301198596182,-0.09994401782751083,-0.0011222267057746649,0.004088294692337513,6.175751877890434e-06,-0.0021313021425157785,-0.0011849856236949563,1.0,0.0,False,False
998,1,Orientation gauche,-0.05041317022405842,170.32259881573776,-0.09998635947704315,-0.0011222981847822666,-0.00431431457400322,-2.6250656901538605e-06,-0.0020670767407864332,0.0012500782031565905,1.0,0.0,False,False
999,3,Orientation droite,0.0951897202131218,170.41778853595088,-0.09995651245117188,-0.0011222981847822666,0.003046927507966757,1.2513143587966624e-07,-0.0021124156191945076,-0.0008826308767311275,1.0,0.0,False,True
